day,month,year,Temperature,RH,Ws,Rain,FFMC,DMC,DC,ISI,BUI,FWI,Classes
1,6,2012,29,57,18,0,65.7,3.4,7.6,1.3,3.4,0.5,not fire   
2,6,2012,29,61,13,1.3,64.4,4.1,7.6,1,3.9,0.4,not fire   
3,6,2012,26,82,22,13.1,47.1,2.5,7.1,0.3,2.7,0.1,not fire   
4,6,2012,25,89,13,2.5,28.6,1.3,6.9,0,1.7,0,not fire   
5,6,2012,27,77,16,0,64.8,3,14.2,1.2,3.9,0.5,not fire   
6,6,2012,31,67,14,0,82.6,5.8,22.2,3.1,7,2.5,fire   
7,6,2012,33,54,13,0,88.2,9.9,30.5,6.4,10.9,7.2,fire   
8,6,2012,30,73,15,0,86.6,12.1,38.3,5.6,13.5,7.1,fire   
9,6,2012,25,88,13,0.2,52.9,7.9,38.8,0.4,10.5,0.3,not fire   
10,6,2012,28,79,12,0,73.2,9.5,46.3,1.3,12.6,0.9,not fire   
11,6,2012,31,65,14,0,84.5,12.5,54.3,4,15.8,5.6,fire   
12,6,2012,26,81,19,0,84,13.8,61.4,4.8,17.7,7.1,fire   
13,6,2012,27,84,21,1.2,50,6.7,17,0.5,6.7,0.2,not fire   
14,6,2012,30,78,20,0.5,59,4.6,7.8,1,4.4,0.4,not fire   
15,6,2012,28,80,17,3.1,49.4,3,7.4,0.4,3,0.1,not fire   
16,6,2012,29,89,13,0.7,36.1,1.7,7.6,0,2.2,0,not fire   
17,6,2012,30,89,16,0.6,37.3,1.1,7.8,0,1.6,0,not fire   
18,6,2012,31,78,14,0.3,56.9,1.9,8,0.7,2.4,0.2,not fire   
19,6,2012,31,55,16,0.1,79.9,4.5,16,2.5,5.3,1.4,not fire   
20,6,2012,30,80,16,0.4,59.8,3.4,27.1,0.9,5.1,0.4,not fire   
21,6,2012,30,78,14,0,81,6.3,31.6,2.6,8.4,2.2,fire   
22,6,2012,31,67,17,0.1,79.1,7,39.5,2.4,9.7,2.3,not fire   
23,6,2012,32,62,18,0.1,81.4,8.2,47.7,3.3,11.5,3.8,fire   
24,6,2012,32,66,17,0,85.9,11.2,55.8,5.6,14.9,7.5,fire   
25,6,2012,31,64,15,0,86.7,14.2,63.8,5.7,18.3,8.4,fire   
26,6,2012,31,64,18,0,86.8,17.8,71.8,6.7,21.6,10.6,fire   
27,6,2012,34,53,18,0,89,21.6,80.3,9.2,25.8,15,fire   
28,6,2012,32,55,14,0,89.1,25.5,88.5,7.6,29.7,13.9,fire   
29,6,2012,32,47,13,0.3,79.9,18.4,84.4,2.2,23.8,3.9,not fire   
30,6,2012,33,50,14,0,88.7,22.9,92.8,7.2,28.3,12.9,fire   
1,7,2012,29,68,19,1,59.9,2.5,8.6,1.1,2.9,0.4,not fire   
2,7,2012,27,75,19,1.2,55.7,2.4,8.3,0.8,2.8,0.3,not fire   
3,7,2012,32,76,20,0.7,63.1,2.6,9.2,1.3,3,0.5,not fire   
4,7,2012,33,78,17,0,80.1,4.6,18.5,2.7,5.7,1.7,not fire   
5,7,2012,33,66,14,0,85.9,7.6,27.9,4.8,9.1,4.9,fire   
6,7,2012,32,63,14,0,87,10.9,37,5.6,12.5,6.8,fire   
7,7,2012,35,64,18,0.2,80,9.7,40.4,2.8,12.1,3.2,not fire   
8,7,2012,33,68,19,0,85.6,12.5,49.8,6,15.4,8,fire   
9,7,2012,32,68,14,1.4,66.6,7.7,9.2,1.1,7.4,0.6,not fire   
10,7,2012,33,69,13,0.7,66.6,6,9.3,1.1,5.8,0.5,not fire   
11,7,2012,33,76,14,0,81.1,8.1,18.7,2.6,8.1,2.2,not fire   
12,7,2012,31,75,13,0.1,75.1,7.9,27.7,1.5,9.2,0.9,not fire   
13,7,2012,34,81,15,0,81.8,9.7,37.2,3,11.7,3.4,not fire   
14,7,2012,34,61,13,0.6,73.9,7.8,22.9,1.4,8.4,0.8,not fire   
15,7,2012,30,80,19,0.4,60.7,5.2,17,1.1,5.9,0.5,not fire   
16,7,2012,28,76,21,0,72.6,7,25.5,0.7,8.3,0.4,not fire   
17,7,2012,29,70,14,0,82.8,9.4,34.1,3.2,11.1,3.6,fire   
18,7,2012,31,68,14,0,85.4,12.1,43.1,4.6,14.2,6,fire   
19,7,2012,35,59,17,0,88.1,12,52.8,7.7,18.2,10.9,fire   
20,7,2012,33,65,15,0.1,81.4,12.3,62.1,2.8,16.5,4,fire   
21,7,2012,33,70,17,0,85.4,18.5,71.5,5.2,22.4,8.8,fire   
22,7,2012,28,79,18,0.1,73.4,16.4,79.9,1.8,21.7,2.8,not fire   
23,7,2012,27,66,22,0.4,68.2,10.5,71.3,1.8,15.4,2.1,not fire   
24,7,2012,28,78,16,0.1,70,9.6,79.7,1.4,14.7,1.3,not fire   
25,7,2012,31,65,18,0,84.3,12.5,88.7,4.8,18.5,7.3,fire   
26,7,2012,36,53,19,0,89.2,17.1,98.6,10,23.9,15.3,fire   
27,7,2012,36,48,13,0,90.3,22.2,108.5,8.7,29.4,15.3,fire   
28,7,2012,33,76,15,0,86.5,24.4,117.8,5.6,32.1,11.3,fire   
29,7,2012,32,73,15,0,86.6,26.7,127,5.6,35,11.9,fire   
30,7,2012,31,79,15,0,85.4,28.5,136,4.7,37.4,10.7,fire   
31,7,2012,35,64,17,0,87.2,31.9,145.7,6.8,41.2,15.7,fire   
1,8,2012,36,45,14,0,78.8,4.8,10.2,2,4.7,0.9,not fire   
2,8,2012,35,55,12,0.4,78,5.8,10,1.7,5.5,0.8,not fire   
3,8,2012,35,63,14,0.3,76.6,5.7,10,1.7,5.5,0.8,not fire   
4,8,2012,34,69,13,0,85,8.2,19.8,4,8.2,3.9,fire   
5,8,2012,34,65,13,0,86.8,11.1,29.7,5.2,11.5,6.1,fire   
6,8,2012,32,75,14,0,86.4,13,39.1,5.2,14.2,6.8,fire   
7,8,2012,32,69,16,0,86.5,15.5,48.6,5.5,17.2,8,fire   
8,8,2012,32,60,18,0.3,77.1,11.3,47,2.2,14.1,2.6,not fire   
9,8,2012,35,59,17,0,87.4,14.8,57,6.9,17.9,9.9,fire   
10,8,2012,35,55,14,0,88.9,18.6,67,7.4,21.9,11.6,fire   
11,8,2012,35,63,13,0,88.9,21.7,77,7.1,25.5,12.1,fire   
12,8,2012,35,51,13,0.3,81.3,15.6,75.1,2.5,20.7,4.2,not fire   
13,8,2012,35,63,15,0,87,19,85.1,5.9,24.4,10.2,fire   
14,8,2012,33,66,14,0,87,21.7,94.7,5.7,27.2,10.6,fire   
15,8,2012,36,55,13,0.3,82.4,15.6,92.5,3.7,22,6.3,fire   
16,8,2012,36,61,18,0.3,80.2,11.7,90.4,2.8,17.6,4.2,fire   
17,8,2012,37,52,18,0,89.3,16,100.7,9.7,22.9,14.6,fire   
18,8,2012,36,54,18,0,89.4,20,110.9,9.7,27.5,16.1,fire   
19,8,2012,35,62,19,0,89.4,23.2,120.9,9.7,31.3,17.2,fire   
20,8,2012,35,68,19,0,88.3,25.9,130.6,8.8,34.7,16.8,fire   
21,8,2012,36,58,19,0,88.6,29.6,141.1,9.2,38.8,18.4,fire   
22,8,2012,36,55,18,0,89.1,33.5,151.3,9.9,43.1,20.4,fire   
23,8,2012,36,53,16,0,89.5,37.6,161.5,10.4,47.5,22.3,fire
24,8,2012,34,64,14,0,88.9,40.5,171.3,9,50.9,20.9,fire   
25,8,2012,35,60,15,0,88.9,43.9,181.3,8.2,54.7,20.3,fire
26,8,2012,31,78,18,0,85.8,45.6,190.6,4.7,57.1,13.7,fire 
27,8,2012,33,82,21,0,84.9,47,200.2,4.4,59.3,13.2,fire
28,8,2012,34,64,16,0,89.4,50.2,210.4,7.3,62.9,19.9,fire 
29,8,2012,35,48,18,0,90.1,54.2,220.4,12.5,67.4,30.2,fire   
30,8,2012,35,70,17,0.8,72.7,25.2,180.4,1.7,37.4,4.2,not fire   
31,8,2012,28,80,21,16.8,52.5,8.7,8.7,0.6,8.3,0.3,not fire
1,9,2012,25,76,17,7.2,46,1.3,7.5,0.2,1.8,0.1,not fire 
2,9,2012,22,86,15,10.1,30.5,0.7,7,0,1.1,0,not fire
3,9,2012,25,78,15,3.8,42.6,1.2,7.5,0.1,1.7,0,not fire   
4,9,2012,29,73,17,0.1,68.4,1.9,15.7,1.4,2.9,0.5,not fire   
5,9,2012,29,75,16,0,80.8,3.4,24,2.8,5.1,1.7,fire   
6,9,2012,29,74,19,0.1,75.8,3.6,32.2,2.1,5.6,0.9,not fire   
7,9,2012,31,71,17,0.3,69.6,3.2,30.1,1.5,5.1,0.6,not fire   
8,9,2012,30,73,17,0.9,62,2.6,8.4,1.1,3,0.4,not fire   
9,9,2012,30,77,15,1,56.1,2.1,8.4,0.7,2.6,0.2,not fire   
10,9,2012,33,73,12,1.8,59.9,2.2,8.9,0.7,2.7,0.3,not fire   
11,9,2012,30,77,21,1.8,58.5,1.9,8.4,1.1,2.4,0.3,not fire   
12,9,2012,29,88,13,0,71,2.6,16.6,1.2,3.7,0.5,not fire   
13,9,2012,25,86,21,4.6,40.9,1.3,7.5,0.1,1.8,0,not fire   
14,9,2012,22,76,26,8.3,47.4,1.1,7,0.4,1.6,0.1,not fire   
15,9,2012,24,82,15,0.4,44.9,0.9,7.3,0.2,1.4,0,not fire   
16,9,2012,30,65,14,0,78.1,3.2,15.7,1.9,4.2,0.8,not fire   
17,9,2012,31,52,14,0,87.7,6.4,24.3,6.2,7.7,5.9,fire   
18,9,2012,32,49,11,0,89.4,9.8,33.1,6.8,11.3,7.7,fire   
19,9,2012,29,57,14,0,89.3,12.5,41.3,7.8,14.2,9.7,fire   
20,9,2012,28,84,18,0,83.8,13.5,49.3,4.5,16,6.3,fire
21,9,2012,31,55,11,0,87.8,16.5,57.9,5.4,19.2,8.3,fire   
22,9,2012,31,50,19,0.6,77.8,10.6,41.4,2.4,12.9,2.8,not fire   
23,9,2012,32,54,11,0.5,73.7,7.9,30.4,1.2,9.6,0.7,not fire   
24,9,2012,29,65,19,0.6,68.3,5.5,15.2,1.5,5.8,0.7,not fire   
25,9,2012,26,81,21,5.8,48.6,3,7.7,0.4,3,0.1,not fire   
26,9,2012,31,54,11,0,82,6,16.3,2.5,6.2,1.7,not fire   
27,9,2012,31,66,11,0,85.7,8.3,24.9,4,9,4.1,fire   
28,9,2012,32,47,14,0.7,77.5,7.1,8.8,1.8,6.8,0.9,not fire   
29,9,2012,26,80,16,1.8,47.4,2.9,7.7,0.3,3,0.1,not fire   
30,9,2012,25,78,14,1.4,45,1.9,7.5,0.2,2.4,0.1,not fire   
1,6,2012,32,71,12,0.7,57.1,2.5,8.2,0.6,2.8,0.2,not fire   
2,6,2012,30,73,13,4,55.7,2.7,7.8,0.6,2.9,0.2,not fire   
3,6,2012,29,80,14,2,48.7,2.2,7.6,0.3,2.6,0.1,not fire   
4,6,2012,30,64,14,0,79.4,5.2,15.4,2.2,5.6,1,not fire   
5,6,2012,32,60,14,0.2,77.1,6,17.6,1.8,6.5,0.9,not fire   
6,6,2012,35,54,11,0.1,83.7,8.4,26.3,3.1,9.3,3.1,fire   
7,6,2012,35,44,17,0.2,85.6,9.9,28.9,5.4,10.7,6,fire   
8,6,2012,28,51,17,1.3,71.4,7.7,7.4,1.5,7.3,0.8,not fire   
9,6,2012,27,59,18,0.1,78.1,8.5,14.7,2.4,8.3,1.9,not fire   
10,6,2012,30,41,15,0,89.4,13.3,22.5,8.4,13.1,10,fire   
11,6,2012,31,42,21,0,90.6,18.2,30.5,13.4,18,16.7,fire   
12,6,2012,27,58,17,0,88.9,21.3,37.8,8.7,21.2,12.9,fire   
13,6,2012,30,52,15,2,72.3,11.4,7.8,1.4,10.9,0.9,not fire   
14,6,2012,27,79,16,0.7,53.4,6.4,7.3,0.5,6.1,0.3,not fire   
15,6,2012,28,90,15,0,66.8,7.2,14.7,1.2,7.1,0.6,not fire   
16,6,2012,29,87,15,0.4,47.4,4.2,8,0.2,4.1,0.1,not fire   
17,6,2012,31,69,17,4.7,62.2,3.9,8,1.1,3.8,0.4,not fire   
18,6,2012,33,62,10,8.7,65.5,4.6,8.3,0.9,4.4,0.4,not fire   
19,6,2012,32,67,14,4.5,64.6,4.4,8.2,1,4.2,0.4,not fire   
20,6,2012,31,72,14,0.2,60.2,3.8,8,0.8,3.7,0.3,not fire   
21,6,2012,32,55,14,0,86.2,8.3,18.4,5,8.2,4.9,fire   
22,6,2012,33,46,14,1.1,78.3,8.1,8.3,1.9,7.7,1.2,not fire   
23,6,2012,33,59,16,0.8,74.2,7,8.3,1.6,6.7,0.8,not fire   
24,6,2012,35,68,16,0,85.3,10,17,4.9,9.9,5.3,fire   
25,6,2012,34,70,16,0,86,12.8,25.6,5.4,12.7,6.7,fire   
26,6,2012,36,62,16,0,87.8,16.5,34.5,7,16.4,9.5,fire   
27,6,2012,36,55,15,0,89.1,20.9,43.3,8,20.8,12,fire   
28,6,2012,37,37,13,0,92.5,27.2,52.4,11.7,27.1,18.4,fire   
29,6,2012,37,36,13,0.6,86.2,17.9,36.7,4.8,17.8,7.2,fire   
30,6,2012,34,42,15,1.7,79.7,12,8.5,2.2,11.5,2.2,not fire     
1,7,2012,28,58,18,2.2,63.7,3.2,8.5,1.2,3.3,0.5,not fire   
2,7,2012,33,48,16,0,87.6,7.9,17.8,6.8,7.8,6.4,fire   
3,7,2012,34,56,17,0.1,84.7,9.7,27.3,4.7,10.3,5.2,fire   
4,7,2012,34,58,18,0,88,13.6,36.8,8,14.1,9.9,fire   
5,7,2012,34,45,18,0,90.5,18.7,46.4,11.3,18.7,15,fire   
6,7,2012,35,42,15,0.3,84.7,15.5,45.1,4.3,16.7,6.3,fire   
7,7,2012,38,43,13,0.5,85,13,35.4,4.1,13.7,5.2,fire   
8,7,2012,35,47,18,6,80.8,9.8,9.7,3.1,9.4,3,fire   
9,7,2012,36,43,15,1.9,82.3,9.4,9.9,3.2,9,3.1,fire   
10,7,2012,34,51,16,3.8,77.5,8,9.5,2,7.7,1.3,not fire   
11,7,2012,34,56,15,2.9,74.8,7.1,9.5,1.6,6.8,0.8,not fire   
12,7,2012,36,44,13,0,90.1,12.6,19.4,8.3,12.5,9.6,fire   
13,7,2012,39,45,13,0.6,85.2,11.3,10.4,4.2,10.9,4.7,fire   
15,7,2012,34,45,17,0,90.5,18,24.1,10.9,17.7,14.1,fire   
16,7,2012,31,83,17,0,84.5,19.4,33.1,4.7,19.2,7.3,fire   
17,7,2012,32,81,17,0,84.6,21.1,42.3,4.7,20.9,7.7,fire   
18,7,2012,33,68,15,0,86.1,23.9,51.6,5.2,23.9,9.1,fire   
19,7,2012,34,58,16,0,88.1,27.8,61.1,7.3,27.7,13,fire   
20,7,2012,36,50,16,0,89.9,32.7,71,9.5,32.6,17.3,fire   
21,7,2012,36,29,18,0,93.9,39.6,80.6,18.5,39.5,30,fire   
22,7,2012,32,48,18,0,91.5,44.2,90.1,13.2,44,25.4,fire   
23,7,2012,31,71,17,0,87.3,46.6,99,6.9,46.5,16.3,fire   
24,7,2012,33,63,17,1.1,72.8,20.9,56.6,1.6,21.7,2.5,not fire   
25,7,2012,39,64,9,1.2,73.8,11.7,15.9,1.1,11.4,0.7,not fire   
26,7,2012,35,58,10,0.2,78.3,10.8,19.7,1.6,10.7,1,not fire   
27,7,2012,29,87,18,0,80,11.8,28.3,2.8,11.8,3.2,not fire   
28,7,2012,33,57,16,0,87.5,15.7,37.6,6.7,15.7,9,fire   
29,7,2012,34,59,16,0,88.1,19.5,47.2,7.4,19.5,10.9,fire   
30,7,2012,36,56,16,0,88.9,23.8,57.1,8.2,23.8,13.2,fire   
31,7,2012,37,55,15,0,89.3,28.3,67.2,8.3,28.3,14.5,fire   
1,8,2012,38,52,14,0,78.3,4.4,10.5,2,4.4,0.8,not fire   
2,8,2012,40,34,14,0,93.3,10.8,21.4,13.8,10.6,13.5,fire   
3,8,2012,39,33,17,0,93.7,17.1,32.1,17.2,16.9,19.5,fire   
4,8,2012,38,35,15,0,93.8,23,42.7,15.7,22.9,20.9,fire   
5,8,2012,34,42,17,0.1,88.3,23.6,52.5,19,23.5,12.6,fire   
6,8,2012,30,54,14,3.1,70.5,11,9.1,1.3,10.5,0.8,not fire   
7,8,2012,34,63,13,2.9,69.7,7.2,9.8,1.2,6.9,0.6,not fire   
8,8,2012,37,56,11,0,87.4,11.2,20.2,5.2,11,5.9,fire   
9,8,2012,39,43,12,0,91.7,16.5,30.9,9.6,16.4,12.7,fire   
10,8,2012,39,39,15,0.2,89.3,15.8,35.4,8.2,15.8,10.7,fire   
11,8,2012,40,31,15,0,94.2,22.5,46.3,16.6,22.4,21.6,fire   
12,8,2012,39,21,17,0.4,93,18.4,41.5,15.5,18.4,18.8,fire   
13,8,2012,35,34,16,0.2,88.3,16.9,45.1,7.5,17.5,10.5,fire   
14,8,2012,37,40,13,0,91.9,22.3,55.5,10.8,22.3,15.7,fire   
15,8,2012,35,46,13,0.3,83.9,16.9,54.2,3.5,19,5.5,fire   
16,8,2012,40,41,10,0.1,92,22.6,65.1,9.5,24.2,14.8,fire   
17,8,2012,42,24,9,0,96,30.3,76.4,15.7,30.4,24,fire   
18,8,2012,37,37,14,0,94.3,35.9,86.8,16,35.9,26.3,fire   
19,8,2012,35,66,15,0.1,82.7,32.7,96.8,3.3,35.5,7.7,fire   
20,8,2012,36,81,15,0,83.7,34.4,107,3.8,38.1,9,fire   
21,8,2012,36,71,15,0,86,36.9,117.1,5.1,41.3,12.2,fire   
22,8,2012,37,53,14,0,89.5,41.1,127.5,8,45.5,18.1,fire   
23,8,2012,36,43,16,0,91.2,46.1,137.7,11.5,50.2,24.5,fire   
24,8,2012,35,38,15,0,92.1,51.3,147.7,12.2,54.9,26.9,fire   
25,8,2012,34,40,18,0,92.1,56.3,157.5,14.3,59.5,31.1,fire   
26,8,2012,33,37,16,0,92.2,61.3,167.2,13.1,64,30.3,fire   
27,8,2012,36,54,14,0,91,65.9,177.3,10,68,26.1,fire   
28,8,2012,35,56,14,0.4,79.2,37,166,2.1,30.6,6.1,not fire   
29,8,2012,35,53,17,0.5,80.2,20.7,149.2,2.7,30.6,5.9,fire   
30,8,2012,34,49,15,0,89.2,24.8,159.1,8.1,35.7,16,fire   
31,8,2012,30,59,19,0,89.1,27.8,168.2,9.8,39.3,19.4,fire   
1,9,2012,29,86,16,0,37.9,0.9,8.2,0.1,1.4,0,not fire   
2,9,2012,28,67,19,0,75.4,2.9,16.3,2,4,0.8,not fire   
3,9,2012,28,75,16,0,82.2,4.4,24.3,3.3,6,2.5,fire   
4,9,2012,30,66,15,0.2,73.5,4.1,26.6,1.5,6,0.7,not fire   
5,9,2012,30,58,12,4.1,66.1,4,8.4,1,3.9,0.4,not fire   
6,9,2012,34,71,14,6.5,64.5,3.3,9.1,1,3.5,0.4,not fire   
7,9,2012,31,62,15,0,83.3,5.8,17.7,3.8,6.4,3.2,fire   
8,9,2012,30,88,14,0,82.5,6.6,26.1,3,8.1,2.7,fire   
9,9,2012,30,80,15,0,83.1,7.9,34.5,3.5,10,3.7,fire   
10,9,2012,29,74,15,1.1,59.5,4.7,8.2,0.8,4.6,0.3,not fire   
11,9,2012,30,73,14,0,79.2,6.5,16.6,2.1,6.6,1.2,not fire   
12,9,2012,31,72,14,0,84.2,8.3,25.2,3.8,9.1,3.9,fire   
13,9,2012,29,49,19,0,88.6,11.5,33.4,9.1,12.4,10.3,fire   
14,9,2012,28,81,15,0,84.6,12.6,41.5,4.3,14.3,5.7,fire   
15,9,2012,32,51,13,0,88.7,16,50.2,6.9,17.8,9.8,fire   
16,9,2012,33,26,13,0,93.9,21.2,59.2,14.2,22.4,19.3,fire   
17,9,2012,34,44,12,0,92.5,25.2,63.3,11.2,26.2,17.5,fire   
18,9,2012,36,33,13,0.1,90.6,25.8,77.8,9,28.2,15.4,fire   
19,9,2012,29,41,8,0.1,83.9,24.9,86,2.7,28.9,5.6,fire   
20,9,2012,34,58,13,0.2,79.5,18.7,88,2.1,24.4,3.8,not fire   
21,9,2012,35,34,17,0,92.2,23.6,97.3,13.8,29.4,21.6,fire   
22,9,2012,33,64,13,0,88.9,26.1,106.3,7.1,32.4,13.7,fire   
23,9,2012,35,56,14,0,89,29.4,115.6,7.5,36,15.2,fire   
24,9,2012,26,49,6,2,61.3,11.9,28.1,0.6,11.9,0.4,not fire   
25,9,2012,28,70,15,0,79.9,13.8,36.1,2.4,14.1,3,not fire   
26,9,2012,30,65,14,0,85.4,16,44.5,4.5,16.9,6.5,fire   
27,9,2012,28,87,15,4.4,41.1,6.5,8,0.1,6.2,0,not fire   
28,9,2012,27,87,29,0.5,45.9,3.5,7.9,0.4,3.4,0.2,not fire   
29,9,2012,24,54,18,0.1,79.7,4.3,15.2,1.7,5.1,0.7,not fire   
30,9,2012,24,64,15,0.2,67.3,3.8,16.5,1.2,4.8,0.5,not fire    
15,6,2018,41.2,41,21.9,0,92.5837,12.5703,25.82,328.8406,12.4766,112.942,fire
3,1,2019,29.4,76,17.1,0,85.0477,6.9012,19.996,47.1792,7.4094,28.7687,fire
13,1,2019,24.9,80,24.8,0,84.0936,6.6402,19.186,167.5354,7.1199,63.9681,fire
14,1,2019,33,85,25.9,0,83.897,6.6297,20.644,199.2448,7.3547,71.6811,fire
14,1,2019,33,85,25.9,0,83.897,6.6297,20.644,199.2448,7.3547,71.6811,fire
20,2,2019,30,64,20.5,0,86.5346,7.5904,20.104,107.6163,7.8095,50.1028,fire
20,2,2019,29.9,64,20.5,0,86.5183,7.5853,20.086,107.3682,7.8034,50.0181,fire
20,2,2019,30,64,20.5,0,86.5346,7.5904,20.104,107.6163,7.8095,50.1028,fire
25,2,2019,23.7,70,23.1,0,85.0477,7.0569,18.97,140.1029,7.3128,57.8198,fire
26,2,2019,35.9,78,19.9,0,85.0477,7.1563,21.166,78.4047,7.7564,40.8827,fire
10,12,2019,18,94,16.9,0,78.3563,6.1302,17.944,20.8341,6.6127,15.3689,fire
12,1,2020,26.8,75,14.7,0,85.0477,6.8587,19.528,30.5261,7.304,21.1207,fire
1,4,2020,36.3,82,16.7,0,85.0477,7.6321,22.488,43.8771,8.2577,28.4196,fire
23,4,2020,38.6,82,25,0,85.0477,7.7324,22.902,197.7581,8.3862,74.234,fire
15,8,2020,30.5,74,26.4,0,85.0477,7.6962,23.494,254.9354,8.4622,86.4417,fire
17,9,2020,26,84,16.1,0,83.1915,6.772,21.384,30.7027,7.5592,21.4686,fire
17,9,2020,26.6,84,16.1,0,83.2759,6.7891,21.492,31.0397,7.5867,21.6648,fire
17,9,2020,26.6,84,16.1,0,83.2759,6.7891,21.492,31.0397,7.5867,21.6648,fire
17,9,2020,26.2,84,16.1,0,83.2195,6.7777,21.42,30.8141,7.5684,21.5336,fire
17,9,2020,26.3,84,16.1,0,83.2336,6.7805,21.438,30.8701,7.573,21.5662,fire
17,9,2020,26.9,84,16.1,0,83.3184,6.7976,21.546,31.2113,7.6005,21.7643,fire
17,9,2020,26.4,84,16.1,0,83.2476,6.7834,21.456,30.9264,7.5776,21.599,fire
18,9,2020,28.8,36,15.1,0,91.18,9.4069,21.888,78.5218,9.3731,43.5753,fire
12,12,2020,22.8,94,18.2,0,78.7762,6.163,18.808,27.388,6.7755,19.0135,fire
25,2,2021,14.9,100,18.2,0,74.308,6,17.386,20.0594,6.442,14.7885,fire
8,4,2021,37.5,47,19.3,0,90.7998,10.9597,22.704,159.3491,10.8707,70.8867,fire
8,4,2021,37.5,47,19.3,0,90.7998,10.9597,22.704,159.3491,10.8707,70.8867,fire
17,5,2021,43.6,18,29,0,97.6602,15.6498,25.252,2386.6436,15.44,346.2553,fire
23,6,2021,29,79,18.7,0.3,84.9651,7.6641,23.624,62.3545,8.4637,36.257,fire
24,6,2021,28.1,73,11.2,0,85.0477,8.0756,23.462,16.1783,8.6811,14.0457,fire
24,6,2021,28.3,73,11.2,0,85.0477,8.0898,23.498,16.1783,8.6955,14.055,fire
24,6,2021,28.3,73,11.2,0,85.0477,8.0898,23.498,16.1783,8.6955,14.055,fire
24,6,2021,28.3,73,11.2,0,85.0477,8.0898,23.498,16.1783,8.6955,14.055,fire
1,10,2021,30,70,20.8,0,85.4631,7.4137,21.104,97.7688,7.8943,47.3312,fire
22,10,2021,29.8,41,10,0,90.3461,8.7624,21.068,27.6386,8.744,20.9985,fire
21,1,2022,29,80,22,0,84.717,6.7411,19.924,109.6746,7.3041,49.6523,fire
2,4,2022,32.5,40,15.5,0,91.1387,10.8874,21.804,83.9362,10.7826,47.701,fire
2,4,2022,23.3,27,18.9,0,91.9395,10.3182,20.148,174.2491,10.2019,73.2328,fire
6,4,2022,39.1,59,26.3,0,88.9651,9.9958,22.992,436.1985,9.9564,123.3641,fire
6,4,2022,39.2,59,26.3,0,88.9822,10.0057,23.01,437.2722,9.9663,123.5706,fire
6,4,2022,39.2,59,26.3,0,88.9822,10.0057,23.01,437.2722,9.9663,123.5706,fire
6,4,2022,39.2,59,26.3,0,88.9822,10.0057,23.01,437.2722,9.9663,123.5706,fire
7,4,2022,25.7,45,19.5,0,89.019,9.5734,20.58,128.0328,9.5024,59.4167,fire
7,4,2022,27.2,45,19.5,0,89.2919,9.7735,20.85,133.1486,9.6987,61.263,fire
7,4,2022,30.5,14,14.9,0,96.2007,12.5883,21.444,152.1081,12.407,72.0727,fire
8,4,2022,25.6,28,16.9,0,92.157,10.6605,20.562,125.0135,10.5383,60.5936,fire
3,6,2022,32.7,26,11.7,0,93.8874,12.5848,24.29,62.0167,12.4617,41.4283,fire
4,6,2022,31.7,28,10.5,0,93.2436,12.2173,24.11,45.6076,12.1049,33.5235,fire
4,6,2022,30.7,28,10.5,0,93.0412,12.0277,23.93,44.3348,11.9193,32.7066,fire
6,6,2022,30.2,36,13.2,0,91.4195,11.2737,23.84,57.5562,11.1944,37.9559,fire
6,6,2022,29.7,36,13.2,0,91.3222,11.1895,23.75,56.7653,11.1119,37.5141,fire
6,6,2022,31.2,36,13.2,0,91.6138,11.4422,24.02,59.1655,11.3593,38.849,fire
11,7,2022,26.5,79,24.8,0,84.5787,7.3612,23.474,178.8613,8.2526,69.5718,fire
16,7,2022,38,59,32.2,0,88.7858,9.765,25.544,1239.7174,9.9862,217.5273,fire
26,9,2022,26.3,33,22.5,0,91.3727,9.2684,21.438,308.9444,9.2318,99.1774,fire
18,12,2022,33.3,84,40,0,84.2585,6.6255,20.698,2699.0616,7.3606,299.9089,fire
26,8,2023,33.4,67,27.8,0,86.5725,8.3504,24.016,406.7439,8.9345,114.8365,fire
26,8,2023,33.5,67,27.8,0,86.5889,8.3572,24.034,407.688,8.9415,115.0134,fire
6,9,2023,30.9,64,17.8,0,86.6711,8.051,22.266,67.2294,8.4571,38.0765,fire
6,9,2023,30.8,64,17.8,0,86.6547,8.0446,22.248,67.0732,8.4503,38.0085,fire
10,10,2023,30.7,64,12.3,0,86.6053,7.7346,21.23,24.5588,8.0956,18.7258,fire
24,3,2024,23.8,69,39.5,0.2,85.0477,7.3158,18.988,2744.6333,7.4529,303.4325,fire
20,4,2024,35.2,89,22.7,0,82.7639,6.968,22.29,96.2535,7.8226,46.7301,fire
2,5,2024,37,67,14.3,0,87.1271,9.31,24.064,38.0166,9.4652,27.0514,fire
12,5,2024,41.5,58,20.6,0,89.5446,10.7104,24.874,168.5575,10.6754,72.8677,fire
13,6,2024,29.6,71,10.5,0,85.2068,8.3439,23.732,14.565,8.8813,13.059,fire
17,6,2024,35.2,39,17.9,0,91.853,11.8295,24.74,143.5723,11.7447,68.3383,fire
17,6,2024,33.1,39,17.9,0,91.4625,11.4923,24.362,135.8381,11.414,65.4609,fire
26,11,2024,31.7,83,15,0,84.3232,6.7393,20.41,29.2033,7.3835,20.5371,fire
25,2,2025,22.3,71,20.9,0,85.0477,6.964,18.718,93.9994,7.2161,44.875,fire
7,3,2025,20,95,25.5,0,77.8358,6.1798,18.304,94.8672,6.7024,44.119,fire
7,3,2025,19.7,95,25.5,0,77.8066,6.1773,18.25,94.6408,6.6919,44.0305,fire
17,3,2025,36.1,55,23.1,0,89.145,8.8535,21.202,250.4951,8.8333,86.6797,fire
21,7,2023,32.5,38,38,0,91.63,10.8925,24.554,5331.9073,10.8435,466.3542,not fire
29,5,2025,39.1,79,18.7,0,85.0477,8.2225,24.442,63.0671,8.9325,37.2051,not fire
24,12,2024,29.6,84,18.6,0.6,83.7049,6.5582,20.032,51.6692,7.2129,30.3233,not fire
12,1,2024,30.9,88,24.1,0,82.5214,6.4727,20.266,120.3602,7.198,52.3852,not fire
26,8,2018,36.8,69,24.1,0,86.7487,8.4255,24.628,213.1429,9.0828,79.5306,not fire
2,5,2025,39,64,14.4,0,88.0147,9.8005,24.424,43.9489,9.799,30.2403,not fire
30,5,2025,38.9,78,18.3,0,85.1658,8.3167,24.406,59.6154,8.9818,35.9252,not fire
15,5,2025,45,40,37.5,0,93.4646,13.2819,25.504,6303.2761,13.156,533.5958,not fire
22,7,2023,44.2,26,34.3,0,96.1168,13.8728,26.66,5077.0823,13.7468,486.366,not fire
14,4,2021,23.2,86,18.8,0.1,82.1768,6.8248,20.13,44.0989,7.3878,27.4445,not fire
28,11,2017,32.6,73,18.2,0,85.285,7.2063,20.572,59.516,7.6837,34.0375,not fire
12,4,2025,34.5,60,19.6,0,87.9812,9.4522,22.164,112.34,9.422,54.6716,not fire
23,4,2025,33.3,42,15.4,0,90.917,10.837,21.948,79.8643,10.7375,46.1576,not fire
25,2,2018,32.1,95,14.5,0,79.3388,6.2358,20.482,14.7644,7.0816,12.0517,not fire
6,1,2018,27.9,96,12.1,0.1,78.2463,6.1428,19.726,8.6389,6.9078,7.5809,not fire
12,3,2018,34.9,53,35,0,89.3151,8.8842,20.986,2222.868,8.8575,284.9778,not fire
22,2,2018,32.5,91,22.3,0,81.4888,6.4296,20.554,76.6203,7.216,39.3544,not fire
30,1,2018,22.2,89,12.6,0,81.0667,6.3155,18.7,12.5598,6.8486,10.4251,not fire
16,3,2018,28.3,85,15.9,0,83.2116,6.7517,19.798,29.6859,7.289,20.6861,not fire
6,8,2018,24.4,98,17.7,0,76.4319,6.1053,22.396,20.7421,7.2616,15.855,not fire
14,6,2025,40.4,44,19.1,0,91.87,12.1183,25.676,178.9176,12.0395,78.5585,not fire
14,8,2024,38.8,83,22.7,0,85.0477,7.4003,24.988,130.2969,8.5042,57.9514,not fire
23,1,2020,25.4,47,33.6,0,88.7076,7.7291,19.276,1580.3272,7.7279,230.3379,not fire
25,4,2025,27.4,53,17.3,0,87.9367,9.2474,20.886,73.5466,9.1996,41.5205,not fire
19,7,2022,41.1,25,42,0,95.7825,13.4332,26.102,19614.7908,13.3127,915.7335,not fire
19,3,2024,30.8,78,38.1,0,85.0477,7.1963,20.248,2129.0628,7.6211,267.9288,not fire
30,6,2023,41.4,49,16.2,0,91.1228,11.7063,25.856,95.085,11.6474,52.9799,not fire
2,6,2025,43.8,31,40.9,0,95.0249,14.1562,26.288,14489.9752,14.0138,806.6333,not fire
13,3,2018,32.5,71,16,0,85.6556,7.661,20.554,42.0418,7.9314,27.2152,not fire
31,3,2018,29,66,15,0,86.0064,7.7445,19.924,36.8321,7.8554,24.7498,not fire
3,5,2020,22.8,83,12.6,0.2,83.0643,7.0696,21.508,16.0077,7.7614,13.3212,not fire
25,6,2025,43,30,31.7,0,95.0817,14.127,26.144,2751.9649,13.983,361.1002,not fire
21,1,2018,31.3,70,21.6,0,85.6668,7.1966,20.338,116.2914,7.6372,52.2214,not fire
6,2,2018,29.9,92,19.4,0,80.6574,6.3523,20.086,41.191,7.095,25.827,not fire
24,11,2017,30.6,64,20,0,86.6309,7.513,20.212,99.6347,7.7884,47.6937,not fire
14,3,2021,36,65,18.1,0,87.3428,8.2134,21.184,78.109,8.3415,41.7654,not fire
7,5,2025,36.7,74,19.6,0,85.7215,8.5874,24.01,81.5266,9.0673,44.1354,not fire
30,9,2022,37.3,96,26.3,0,79.3726,6.2735,23.418,125.9763,7.5144,54.6049,not fire
13,8,2022,26.1,91,14.5,0,80.6728,6.5054,22.702,16.9631,7.5803,13.8104,not fire
25,7,2018,36.7,80,20.3,0,85.0477,7.7755,25.31,84.3054,8.7957,44.6324,not fire
23,3,2018,37.7,63,28.1,0,88.0159,8.4471,21.49,527.6516,8.5209,131.0201,not fire
19,5,2025,36.9,83,20.1,0,85.0477,7.7007,24.046,81.3016,8.5534,43.2089,not fire
8,6,2021,39.5,71,23.6,0,86.7995,9.0997,25.514,196.0702,9.621,77.084,not fire
8,10,2019,34.2,91,16.7,0,81.7475,6.4814,21.86,28.6052,7.4446,20.2924,not fire
10,10,2024,26.9,32,28,0,91.7324,8.8849,20.546,881.7708,8.8483,175.3493,not fire
22,5,2025,38.7,70,24.7,0,86.8682,9.1434,24.37,241.7212,9.436,86.6372,not fire
1,7,2020,31.7,23,15.1,0,94.3923,11.9315,24.41,123.2284,11.8362,62.477,not fire
8,5,2025,30.1,57,19.1,0,87.7415,9.532,22.822,99.1371,9.5116,50.7405,not fire
5,5,2025,31.6,84,11.3,0.7,84.0174,7.3774,23.092,14.3258,8.2031,12.4763,not fire
26,4,2025,41.6,46,22.4,0,91.7238,11.59,23.442,318.8919,11.4895,108.0983,not fire
28,10,2023,32.1,90,30.6,0.1,81.8686,6.503,21.482,361.2609,7.4033,101.6695,not fire
16,1,2018,29,84,14.2,0,83.6269,6.5929,19.924,23.021,7.2162,17.1073,not fire
16,7,2023,28.6,59,21.3,0,87.1605,8.8598,23.852,135.9924,9.1877,60.9768,not fire
9,9,2019,40.7,52,32.6,0,90.4926,9.5721,24.03,1702.5734,9.592,253.8401,not fire
14,7,2023,40.2,63,23.5,0,88.431,9.5888,25.94,243.1089,9.9669,88.4252,not fire
30,5,2018,43.8,40,45.8,0,93.2539,13.0924,25.288,27586.4089,12.9693,1063.7781,not fire
10,4,2025,24.8,62,21.4,0,86.0406,8.386,20.418,118.1734,8.3736,54.2969,not fire
10,2,2018,31.8,91,18.9,0,81.3987,6.4206,20.428,40.9175,7.1909,25.8255,not fire
21,11,2017,31.8,87,33.4,0.1,83.0194,6.567,20.428,692.6522,7.2818,145.7331,not fire
28,11,2020,28.4,98,14.4,0.2,76.8895,6.0782,19.816,11.7717,6.8804,9.8955,not fire
9,12,2017,33.4,73,30.4,0,85.4164,7.0586,20.716,554.2364,7.6234,130.4783,not fire
28,4,2024,18.8,83,11.5,0.4,82.5867,6.8201,19.338,12.3414,7.2489,10.5132,not fire
2,5,2021,35.7,88,18.5,0.3,83.2452,7.1626,23.83,47.7825,8.1791,30.0137,not fire
8,6,2019,40.7,84,23.1,0.3,85.0477,7.7607,25.73,140.1029,8.8489,61.3507,not fire
30,6,2025,40.4,22,29.7,0,96.2814,14.5219,25.676,2253.5442,14.3561,329.1122,not fire
13,12,2017,31,84,16.7,0,83.9173,6.5837,20.284,37.6495,7.269,24.4619,not fire
16,9,2021,39,68,20.4,0,87.2962,8.2846,23.724,117.7648,8.8462,55.1436,not fire
20,4,2025,37.4,55,25.1,0,89.3765,10.2001,22.686,372.2124,10.1449,113.4886,not fire
18,3,2023,26.2,91,8.4,0.1,80.7784,6.4188,19.42,5.6756,7.0293,5.1305,not fire
22,2,2019,25.8,95,11.8,0.3,78.6385,6.1911,19.348,8.4703,6.8791,7.4341,not fire
22,12,2017,30.1,77,23.9,0,85.0477,6.8155,20.122,161.9845,7.381,63.3518,not fire
15,5,2020,26.8,63,16.4,0,86.1721,8.7177,22.228,48.6004,8.8036,31.1466,not fire
17,7,2019,37.6,68,18.2,0,87.0568,8.9085,25.472,76.3616,9.5057,43.0102,not fire
10,8,2021,33.6,42,32.2,0,91.0605,10.1549,24.052,1717.0668,10.1294,258.8624,not fire
18,2,2021,32.3,84,22.7,0.2,84.1089,6.7591,20.518,114.6973,7.4131,51.2975,not fire
13,6,2025,39.2,77,19.3,0,85.4504,8.4402,25.46,74.3458,9.2305,41.8577,not fire
21,6,2025,39.7,47,16.8,0,91.1836,11.6929,25.55,106.9396,11.6288,56.9407,not fire
3,2,2020,26.4,99,8,0.3,76.1236,6.0391,19.456,3.4974,6.8008,2.9317,not fire
13,4,2025,33.5,74,19.3,0,85.2211,8.1809,21.984,72.0214,8.4762,39.8476,not fire
29,7,2024,34.2,75,31.7,0,85.1208,8.0726,24.86,673.5213,8.9111,151.8172,not fire
3,5,2025,35.5,58,15.8,0.4,88.482,10.0469,23.794,60.5826,10.0214,37.7208,not fire
29,6,2023,32.3,48,21.6,0,89.6998,10.5724,24.218,206.63,10.531,81.8316,not fire
13,1,2018,21.2,31,13.1,0,90.5864,7.8943,18.52,50.1954,7.8645,30.614,not fire
28,4,2020,26.3,87,19.2,0,82.2501,6.8635,20.688,47.8461,7.5036,29.1687,not fire
14,3,2018,34.8,50,20.6,0,89.7864,9.0598,20.968,174.5046,9.0235,70.4812,not fire
12,12,2017,30.9,84,14.5,0,83.9062,6.5818,20.266,25.2227,7.265,18.3505,not fire
5,12,2017,33.6,89,27.5,0,82.5192,6.4338,20.752,222.9589,7.249,76.3135,not fire
24,5,2025,40.2,60,18,0,88.9557,10.3492,24.64,96.6498,10.3261,51.3435,not fire
9,8,2019,23.7,99,12.1,0,75.7638,6.0512,22.27,7.192,7.2068,6.5321,not fire
5,8,2019,40.8,51,36.6,0,90.6921,10.2385,25.348,3619.1831,10.2339,379.0984,not fire
13,5,2025,28.2,52,15.4,0,88.2263,9.7026,22.48,54.313,9.6667,34.6652,not fire
30,9,2023,39.2,65,22.3,1.1,87.8944,8.5112,23.76,181.0698,8.9802,71.9452,not fire
14,11,2017,22.9,53,19.2,0,87.1826,7.4955,18.826,93.2052,7.5129,45.203,not fire
17,8,2024,33.2,87,21.3,0.1,83.2413,6.9205,23.98,79.3678,8.0402,41.69,not fire
22,6,2025,29.5,50,22.5,0,88.8557,10.028,23.714,215.5219,10.0017,82.5092,not fire
29,6,2025,43.2,58,26.3,0,89.847,10.8983,26.18,495.0405,10.8794,135.9757,not fire
26,12,2017,19.6,68,21.2,0,85.0477,6.7528,18.232,99.2567,7.0124,46.0412,not fire
15,2,2019,24.2,88,33.5,0,81.5465,6.4313,19.06,588.3753,6.977,131.6489,not fire
10,3,2019,19,89,28.1,0.2,80.5303,6.3769,18.124,196.8619,6.7853,69.5119,not fire
18,6,2021,28.9,81,14.3,0,84.4508,7.5006,23.606,26.1678,8.3602,19.85,not fire
24,4,2019,24.8,80,18.1,0.1,84.0901,7.2558,20.418,49.6661,7.6846,30.158,not fire
17,5,2025,29.2,29,34.2,0,92.8051,11.6636,22.66,3158.7923,11.5442,366.1651,not fire
20,2,2018,31.6,92,18,0,80.8958,6.3716,20.392,32.811,7.1545,22.0777,not fire
2,6,2019,38.6,70,24,0,86.8507,9.1355,25.352,212.3652,9.6119,80.7765,not fire
16,2,2018,31.1,75,12.7,0,85.0477,7.1435,20.302,21.2377,7.6009,16.4182,not fire
8,8,2022,38,71,27.3,0,86.5584,8.3409,24.844,370.7337,9.0695,109.4589,not fire
28,7,2018,27.7,79,16.6,0.1,84.7662,7.4204,23.69,41.4564,8.3232,27.4133,not fire
24,4,2025,38.2,41,23.9,0,92.0497,11.6213,22.83,438.3815,11.5071,129.3306,not fire
23,11,2017,27.1,88,7.2,0,82.1044,6.4487,19.582,5.3297,7.0736,4.8273,not fire
2,9,2020,38.1,72,21.5,0,86.3646,7.9541,23.562,125.9567,8.6272,57.0174,not fire
1,5,2021,36,86,20.7,0.2,84.0252,7.3674,23.884,78.9092,8.3193,42.0028,not fire
25,1,2019,21.9,63,22.7,0,85.4339,7.0477,18.646,137.4445,7.2472,56.9872,not fire
20,12,2017,19.8,65,20.2,0,85.0477,6.8313,18.268,82.7899,7.0612,41.0912,not fire
11,7,2023,43.4,36,34.6,0,93.9548,12.6887,26.516,3987.4266,12.6031,421.4376,not fire
26,5,2025,42.9,45,24.1,0,92.1419,12.371,25.126,460.5369,12.2721,135.6275,not fire
25,12,2021,28.2,100,11.3,0.1,75.3477,6,19.78,6.0674,6.8246,5.4065,not fire
19,7,2023,41,62,22.1,0,88.7454,9.7572,26.084,197.2886,10.0841,78.5328,not fire
4,5,2025,30.8,74,16.5,0,85.0477,8.1835,22.948,42.3137,8.6528,28.1844,not fire
17,9,2022,36.6,85,11,0.2,84.4616,7.0068,23.292,14.4018,7.9983,12.4012,not fire
15,1,2018,21.9,58,18.1,0,86.2142,7.1892,18.646,66.5495,7.3213,36.0644,not fire
15,11,2017,34.7,94,21.7,0,80.2507,6.2848,20.95,59.8238,7.1827,33.4043,not fire
30,11,2017,30.5,94,15,0.3,79.7133,6.2514,20.194,16.7797,7.0481,13.3144,not fire
27,12,2017,21,82,13,0,83.0935,6.4521,18.484,17.2772,6.8908,13.5061,not fire
17,7,2023,38.8,52,23.2,0,90.147,10.498,25.688,294.496,10.4878,100.366,not fire
26,8,2021,38.5,81,10.7,0,85.0477,7.5533,24.934,14.7755,8.5963,13.0319,not fire
26,5,2018,29,33,19.3,0,91.8552,11.3093,22.624,185.1422,11.2038,78.2698,not fire
11,4,2023,37.6,70,18.7,0.2,86.675,8.8146,22.722,79.1966,8.9496,43.1361,not fire
6,5,2025,36.8,71,29,0,86.3645,8.8936,24.028,491.0076,9.2385,128.8758,not fire
26,6,2025,43.9,22,29.9,0,96.8898,15.2406,26.306,2535.8365,15.0628,354.3244,not fire
17,6,2025,43.2,28,43.6,0,95.5309,14.3971,26.18,25338.7914,14.2446,1049.1487,not fire
22,8,2024,37,83,28.5,0,85.0477,7.3372,24.664,373.1419,8.4156,107.458,not fire
25,3,2018,24,48,14.8,0,88.146,8.2248,19.024,48.1541,8.1884,30.183,not fire
12,3,2023,23,96,20.9,4.4,77.5948,6.1643,18.844,40.387,6.7821,25.0914,not fire
2,6,2024,39.6,68,17.2,0,87.3872,9.4288,25.532,66.7657,9.8051,39.8735,not fire
29,4,2025,24.6,80,18.3,0,84.0606,7.2461,20.382,51.2984,7.6728,30.8068,not fire
2,4,2024,27.4,91,13.9,0,80.8402,6.6218,20.886,15.4992,7.3879,12.737,not fire
2,11,2023,34.2,82,15.1,0,84.9949,6.8424,20.86,32.5861,7.519,22.3568,not fire
14,12,2017,30.5,94,17.4,0,79.6958,6.2155,20.194,25.8875,7.0252,18.4801,not fire
10,3,2018,34,72,24.3,0,85.7093,7.6753,20.824,190.9126,7.9891,71.6267,not fire
27,11,2017,16.1,95,17.4,0,77.6728,6.114,17.602,21.5386,6.5448,15.7035,not fire
3,6,2018,38,61,22.3,0,88.4128,10.0145,25.244,195.0408,10.0559,77.9334,not fire
6,8,2022,32.1,90,15.6,1.1,81.9013,6.6854,23.782,23.8665,7.8523,18.1286,not fire
29,6,2024,39.3,43,37.3,0,91.8911,12.0625,25.478,4873.0071,11.9822,458.6195,not fire
9,5,2025,38.6,50,22.8,0,90.4679,11.2258,24.352,286.7479,11.1585,100.8015,not fire
25,10,2024,35.7,80,21.6,0,85.0477,7.1152,22.13,106.7267,7.8891,50.0031,not fire
23,6,2025,43.3,23,33.9,0,96.5803,15.0005,26.198,5026.0499,14.8285,494.6291,not fire
25,5,2020,25.4,95,20.9,0,78.4633,6.3488,21.976,43.4511,7.3727,27.1483,not fire
25,8,2024,30.5,93,14.4,0.1,80.2607,6.4567,23.494,15.9302,7.6544,13.1981,not fire
11,3,2018,33,55,14.4,0,88.552,8.6157,20.644,47.4696,8.5958,30.4013,not fire
12,9,2024,32.9,34,37.9,0,92.4791,9.9951,22.626,5903.5809,9.9483,479.0169,not fire
9,2,2018,22.3,69,11.5,0.1,85.0477,7.0304,18.718,17.0831,7.2516,13.6506,not fire
4,2,2018,12,81,18.3,0,82.245,6.3536,16.864,40.6136,6.5437,24.8903,not fire
11,11,2017,33.1,74,16.8,0,85.159,7.1789,20.662,45.3706,7.6837,28.3606,not fire
16,7,2018,40,42,28.9,0,92.1932,11.5985,25.904,1108.0711,11.5449,213.8518,not fire
15,4,2025,39,39,22.2,0,92.5687,11.9301,22.974,346.5019,11.8064,114.2856,not fire
23,9,2021,37.8,61,18.8,0,88.3673,8.701,23.508,102.6951,9.0385,51.0023,not fire
16,4,2025,34.3,66,27.7,0,86.9036,8.9179,22.128,418.6423,8.9144,116.6396,not fire
20,6,2025,32.6,61,29.7,0,87.5153,9.4601,24.272,656.5737,9.5828,152.8973,not fire
4,4,2025,36.5,76,27.1,0,85.2591,8.1877,22.524,298.0216,8.579,95.0239,not fire
13,12,2024,30.4,87,16.5,0,82.8376,6.4654,20.176,31.5517,7.1793,21.4956,not fire
1,8,2024,34.9,86,24.9,0.2,83.8533,7.0405,24.286,165.2293,8.1641,66.1137,not fire
20,7,2020,24.3,59,11.2,0,86.3843,8.4458,23.078,19.4969,8.821,16.302,not fire
17,7,2018,39.8,56,39.6,0,89.6305,10.2265,25.868,5357.6147,10.2865,460.8761,not fire
1,8,2019,37.9,61,22,0,88.3949,9.14,24.826,184.2363,9.5188,74.0392,not fire
1,11,2017,18.9,89,14.4,0,80.685,6.2917,18.106,16.6806,6.7336,13.0241,not fire
31,7,2019,42.1,32,36.7,0,94.5193,12.8991,26.282,6309.8874,12.8014,529.8082,not fire
1,5,2025,30.1,71,17.9,0,85.2891,8.382,22.822,56.3962,8.7395,34.3083,not fire
28,4,2025,37,54,18.6,0,89.4605,10.2489,22.614,115.8621,10.1899,57.1899,not fire
25,6,2018,39.7,50,20.4,0,90.6552,11.3706,25.55,190.566,11.3199,79.8844,not fire
13,7,2018,30.8,60,38,0,87.4023,8.9968,24.248,2911.8583,9.3348,331.5681,not fire
27,9,2019,39,74,18.6,0,86.0878,7.8562,23.724,71.5832,8.596,39.8774,not fire
3,8,2020,30.6,92,14.9,0,80.7769,6.5235,23.512,18.4511,7.7036,14.8301,not fire
7,2,2022,17.8,97,23.9,0,76.4432,6.0805,17.908,63.9208,6.5776,33.933,not fire
23,2,2018,21.7,59,20.6,0,86.0362,7.3279,18.61,102.1468,7.3855,47.6449,not fire
11,7,2019,39.9,42,29.4,0,92.1761,11.5849,25.886,1210.3519,11.5315,223.9407,not fire
7,11,2017,35.4,77,28,0,85.0477,7.113,21.076,340.7867,7.7159,99.4971,not fire
15,12,2017,29.8,83,25.1,0.1,84.0247,6.597,20.068,175.2843,7.2421,66.0736,not fire
19,11,2017,33.1,75,31.2,0,85.0477,7.1336,20.662,608.9582,7.6576,137.6377,not fire
18,7,2018,37.3,49,21.4,0,90.4125,10.5994,25.418,220.6808,10.5797,85.1724,not fire
26,10,2023,36.1,78,18.5,0,85.0477,7.24,22.202,60.82,7.9769,34.9628,not fire
11,4,2025,32.2,69,30.4,0,86.0092,8.5026,21.75,602.0804,8.6002,141.3157,not fire
28,1,2018,29.8,57,19.8,0,87.6943,7.6358,20.068,111.8022,7.8266,51.3478,not fire
23,12,2024,27.9,94,12.8,1.2,79.4189,6.1977,19.726,10.9318,6.9424,9.3301,not fire
29,2,2020,31.5,87,15.7,0,82.9996,6.602,20.374,27.8586,7.2946,19.7626,not fire
31,5,2025,40,31,32.1,0,94.3435,13.466,24.604,2673.5608,13.3165,350.845,not fire
27,12,2023,20.6,78,9,0,84.0034,6.5425,18.412,9.4213,6.9293,8.1983,not fire
5,7,2019,28.6,75,15.3,0,85.0477,7.7438,23.852,34.0362,8.5489,24.1394,not fire
9,7,2021,37.7,47,22.1,0,90.8466,10.8296,25.49,266.5864,10.801,95.6716,not fire
3,6,2025,31.1,61,22.6,0,87.2436,9.3061,24.002,174.2117,9.4512,71.4493,not fire
10,3,2023,32.9,57,29.4,0,88.2618,8.4921,20.626,691.9527,8.4786,151.9102,not fire
13,6,2019,31,60,21,0,87.3925,9.3803,23.984,133.1226,9.4858,60.814,not fire
20,7,2019,31.4,35,12.2,0,91.827,10.9613,24.356,50.8638,10.9055,34.6663,not fire
28,5,2019,39.8,66,24.4,0,87.8145,9.661,24.568,262.0136,9.7434,91.7001,not fire
25,3,2023,20.3,79,20.2,0,83.6839,6.766,18.358,68.8783,7.0428,36.4299,not fire
5,11,2017,25,80,21.6,0,84.113,6.6921,19.204,94.0002,7.1528,44.7519,not fire
14,9,2022,38.8,73,33.7,0,86.2836,7.918,23.688,1138.6917,8.6269,199.6185,not fire
22,4,2024,20.9,89,11.9,0,80.9386,6.5867,19.716,10.9028,7.1782,9.4388,not fire
16,6,2025,39.5,64,13.8,0,89.783,14.8076,33.218,50.8006,14.7552,38.8089,not fire
11,1,2018,30.3,88,21.3,0,82.4398,6.4639,20.158,71.693,7.1755,37.6213,not fire
14,5,2025,27.9,56,22.8,0,87.5554,9.3593,22.426,188.8728,9.3393,74.6896,not fire
5,2,2024,31.4,84,20.2,0,83.9734,6.7387,20.356,71.5715,7.3743,37.9113,not fire
20,2,2025,18.9,94,38.3,0,78.1583,6.1705,18.106,993.7618,6.6636,173.2347,not fire
30,12,2017,21.1,76,17.1,0,84.4538,6.6055,18.502,43.5047,6.9806,26.6744,not fire
6,7,2022,29.1,33,17.2,0,91.8485,10.7521,23.942,126.3699,10.6973,61.3003,not fire
21,7,2020,42.1,61,29.3,0,89.1233,9.9569,26.282,768.9471,10.2273,169.8005,not fire
21,7,2024,30,64,20.1,0,86.5332,8.6294,24.104,100.0637,9.1075,50.307,not fire
26,11,2017,30.8,82,20.2,1.5,84.4655,6.7613,20.248,76.4621,7.37,39.5679,not fire
7,8,2019,35.6,86,28.6,0,83.9603,7.0607,24.412,327.9106,8.1955,99.0434,not fire
7,2,2018,28.3,100,16.2,0,75.2554,6,19.798,14.68,6.8273,11.8264,not fire
15,3,2019,32.1,95,20.6,0,78.6841,6.474,24.83,41.9741,7.8386,27.0743,not fire
10,6,2018,29.2,45,23.7,0,89.6892,11.1401,26.892,301.9822,11.1235,103.7245,not fire
14,4,2025,36,71,18.4,0.1,86.2178,8.6083,22.434,70.3072,8.7872,39.7088,not fire
29,12,2017,31,93,17.1,0,80.3085,6.2553,20.284,26.1306,7.0643,18.6445,not fire
20,11,2017,32.8,73,23.5,0,85.3192,7.2135,20.608,156.4012,7.6941,62.8014,not fire
4,4,2019,21.7,95,31.8,0,77.9506,6.2764,19.86,300.314,7.0124,90.0107,not fire
18,4,2020,30.6,68,22,0,85.9263,8.4592,21.462,129.6653,8.5216,57.8161,not fire
30,12,2024,28.5,59,26.6,0,87.1645,7.3791,19.834,355.886,7.6463,101.7334,not fire
7,12,2017,29.3,92,16.5,0,80.5942,6.2764,19.978,24.1722,7.0307,17.5725,not fire
16,11,2018,31.4,82,18.7,0.5,84.5587,6.7756,20.356,58.9877,7.3964,33.4128,not fire
22,4,2025,30.3,51,20.8,0,88.8136,9.7301,21.408,157.3746,9.6699,67.721,not fire
1,7,2018,39.2,73,34,0,86.3487,8.5555,25.76,1213.4801,9.3487,211.1184,not fire
9,5,2022,35.6,64,16.3,0,87.447,9.4783,23.812,57.1948,9.5015,35.6502,not fire
18,5,2025,38.4,59,24.1,0,88.8407,10.2636,24.316,287.4809,10.2382,98.2439,not fire
28,6,2024,32.7,64,41.7,0,87.0178,9.2034,24.29,5393.3443,9.4528,452.1675,not fire
10,1,2018,30.3,83,19.6,0,84.1057,6.6572,20.158,65.334,7.293,35.5851,not fire
7,3,2018,34.4,79,26,0,85.0477,7.2708,20.896,237.0921,7.7767,80.783,not fire
6,8,2019,37,67,28.4,0,87.1669,8.5956,24.664,493.4811,9.1869,129.0242,not fire
13,7,2024,41.3,64,27.7,0,88.4412,9.5848,26.138,521.5787,10.0011,136.442,not fire
27,4,2023,27.4,88,31.7,0,82,6.8291,20.886,448.0951,7.5151,115.3816,not fire
28,7,2021,39.1,86,23,0,84.508,7.3218,25.742,127.8027,8.5581,57.3825,not fire
27,5,2025,43.8,40,28.9,0,93.2477,13.0924,25.288,1284.969,12.9693,239.2831,not fire
27,7,2022,37,58,19.2,0,88.7605,9.7582,25.364,116.8351,9.9481,57.0267,not fire
7,2,2024,19.4,100,26.9,0,74.2965,6,18.196,97.1577,6.5777,44.5388,not fire
31,12,2017,30.2,85,20.1,0,83.4789,6.5335,20.14,65.8446,7.2153,35.644,not fire
21,3,2024,22.4,99,21.9,0,75.4257,6.0401,18.736,41.6943,6.6891,25.5351,not fire
20,1,2018,29.4,61,28.2,0,86.9771,7.4644,19.996,463.2108,7.7222,118.4582,not fire
19,4,2025,29.1,68,16.6,0,87.3491,12.0729,27.6,59.5548,12.0303,39.8404,not fire
17,1,2018,28.2,98,15.5,0,76.8513,6.0721,19.78,14.3318,6.871,11.6286,not fire
25,12,2017,23,55,20,0,86.8813,7.2324,18.844,103.2385,7.3819,47.9579,not fire
26,7,2024,40.6,72,42.5,0,86.7896,8.7422,26.012,6036.6534,9.5013,478.4605,not fire
9,1,2018,15.8,66,22.7,0,85.0477,6.7074,17.548,130.2969,6.8598,54.234,not fire
12,1,2018,29.7,86,19,0,83.0775,6.5309,20.05,51.2008,7.1992,30.1184,not fire
6,7,2018,27.6,65,26.7,0,85.99,8.3591,23.672,306.8898,8.8794,97.6435,not fire
17,7,2021,35,47,19.5,0,90.3513,10.4935,25.004,154.9816,10.4708,68.8607,not fire
24,2,2018,33.7,92,27.5,0,81.1781,9.289,29.798,189.831,10.441,77.6293,not fire
22,11,2017,19.4,92,20.3,0,79.3955,6.2174,18.196,42.5172,6.7062,25.9056,not fire
27,10,2023,32.7,83,13.5,0,84.4774,6.8706,21.59,22.7145,7.6528,17.3092,not fire
11,2,2020,23.8,87,6.5,0.5,82.0753,6.4598,18.988,4.6776,6.9816,4.1775,not fire
24,6,2025,29.1,65,19.8,0,86.2131,8.7827,23.642,90.575,9.1073,47.2527,not fire
9,4,2025,36.7,62,22.6,0,88.0142,9.4823,22.56,194.5068,9.4589,76.3089,not fire
4,9,2018,37.4,59,16.6,0,88.6419,8.8103,23.436,71.6705,9.0836,40.6593,not fire
3,12,2018,20.8,91,9.8,0,80.1862,6.224,18.448,6.8609,6.7525,6.0632,not fire
9,10,2019,23.5,55,32.7,0,87.0205,7.6773,19.934,1054.3416,7.8227,186.5555,not fire
25,5,2025,29.2,36,16.8,0,91.2818,11.1053,22.66,108.4453,11.0091,56.3617,not fire
20,6,2020,29.6,45,14.3,0,89.6729,10.4452,23.732,54.7528,10.4,35.7712,not fire
21,5,2025,38.3,86,22,0,84.3827,7.4522,24.298,104.8076,8.436,50.5087,not fire
20,10,2023,37.6,67,25.1,0,87.2614,7.9351,22.472,274.876,8.4291,90.2065,not fire
5,4,2025,28.6,68,15.6,0,87.3281,11.0664,27.17,49.5262,11.0578,34.2342,not fire
8,3,2018,32.8,79,19.4,0,85.0477,7.2135,20.608,71.6062,7.6941,38.4492,not fire
18,8,2018,34.8,36,32.2,0,92.4166,12.8159,34.128,2080.821,13.2204,308.4383,not fire
18,9,2023,25.5,44,15.3,0,89.1043,8.652,21.294,60.5002,8.6447,35.8016,not fire
12,1,2022,22.9,84,13,0,82.7941,6.4727,18.826,16.6299,6.9616,13.1586,not fire
7,6,2023,42.8,58,34.5,0,89.7845,10.8541,26.108,2171.5366,10.8358,297.6436,not fire
28,5,2025,39.7,94,23.4,0,80.9732,6.6445,24.55,88.1515,7.926,44.3801,not fire
12,8,2020,30.7,53,26.2,0,88.5652,9.0855,23.53,404.4583,9.2459,115.6428,not fire
23,8,2024,29.9,93,20.6,0.7,80.1432,6.448,23.386,48.447,7.6339,29.5887,not fire
18,4,2025,26.1,74,24.9,0,85.0477,7.7145,20.652,194.2031,7.9783,72.3312,not fire
7,6,2019,27.1,69,16,0,85.1993,8.3015,23.282,39.4608,8.7781,27.006,not fire
24,5,2020,29.1,68,21.2,0,87.3037,14.6171,35.242,136.3036,14.5996,71.4301,not fire
22,11,2019,31.7,90,23.2,0.3,81.8219,6.4349,20.41,93.8422,7.197,44.7902,not fire
31,7,2023,42.2,81,27.5,0,85.0477,7.9322,26.3,311.237,9.0446,98.9834,not fire
1,1,2018,30,83,19.8,0,84.06,6.6509,20.104,67.3357,7.2804,36.2777,not fire
29,9,2023,39.8,89,21.6,0,83.466,6.801,23.868,86.2907,7.9434,43.8114,not fire
25,11,2017,19.5,98,21,0,75.9511,6.0546,18.214,36.5686,6.6133,23.2064,not fire
15,7,2019,38.9,93,29.2,0,81.4142,6.6576,25.706,265.5563,8.0822,87.316,not fire
22,7,2022,36.2,81,25.8,0,85.0477,7.6644,25.22,228.6444,8.7108,81.8231,not fire
10,5,2018,26.3,56,18.8,4.4,87.2607,9.1739,22.138,87.6525,9.1573,46.3675,not fire
12,6,2018,40.9,68,17.8,0,87.6072,9.5383,25.766,76.8202,9.9075,43.7923,not fire
23,7,2021,22.8,78,31.4,0,84.2496,7.2349,22.808,566.4506,8.07,134.1881,not fire
1,3,2018,25.2,95,7.6,2.2,78.6993,6.2242,19.24,3.9756,6.8823,3.451,not fire
1,8,2020,28.1,93,13.9,0.5,79.9628,6.422,23.062,14.1002,7.5724,11.9273,not fire
8,6,2025,39,65,19,0,87.8518,9.6949,25.424,98.9044,9.9266,51.3965,not fire
2,9,2023,31.4,48,19.4,0,89.524,9.0088,22.356,135.1823,9.0053,60.3646,not fire
4,11,2017,21.7,96,17.7,0,77.5226,6.1209,18.61,22.4725,6.7179,16.369,not fire
4,1,2018,16,95,23.3,0,77.5249,6.1053,17.584,62.0747,6.5366,33.2131,not fire
21,12,2017,29.8,69,17,0,85.6092,7.0886,20.068,50.0788,7.5287,30.118,not fire
19,12,2017,30.7,85,14.2,0,83.5653,6.5421,20.23,22.8357,7.235,17.0206,not fire
21,2,2023,28.4,37,20.8,0,90.9852,8.64,19.816,214.7839,8.5995,78.5565,not fire
24,7,2024,27.3,63,21.6,0,86.2724,8.4679,23.618,126.6045,8.9308,57.8349,not fire
16,11,2017,33,91,22.8,0,81.5598,6.4069,20.644,84.5978,7.2155,41.9509,not fire
24,2,2020,32.8,88,20.7,0,82.8074,6.5779,20.608,67.3357,7.317,36.3365,not fire
3,4,2025,35.4,64,19.4,0,87.4269,9.1856,22.326,100.0772,9.1723,50.4292,not fire
15,12,2021,30.3,88,14.6,0,82.462,6.4282,20.158,21.322,7.1535,16.099,not fire
2,1,2020,32.1,92,17.3,0.3,80.9679,6.327,20.482,29.1337,7.14,20.2588,not fire
25,5,2018,38.7,55,12.9,0,89.55,10.7151,24.37,41.7307,10.6703,30.1292,not fire
29,7,2021,36,64,19,0,87.5264,9.1367,25.184,94.4057,9.5823,49.332,not fire
9,8,2021,44.3,34,41.8,0,94.5123,12.1859,25.978,15899.7694,12.11,809.8461,not fire
15,2,2025,29,97,20.7,1.2,77.604,6.1283,19.924,38.9769,6.9287,24.6542,not fire
18,2,2019,16.6,96,48.5,0,76.6864,6.1006,17.692,5636.6379,6.5525,421.8608,not fire
10,5,2025,27.7,62,14.1,0.2,86.4685,8.8812,22.39,33.3894,8.9184,24.1877,not fire
30,10,2024,18.5,87,14.8,0.5,81.3339,6.3861,19.034,19.3033,6.946,14.7625,not fire
2,4,2025,31.5,37,16.5,0,91.5265,10.9791,21.624,106.3337,10.8664,55.4346,not fire
21,3,2018,34.1,72,23.8,0,85.7246,7.6801,20.842,174.7325,7.995,67.9408,not fire
25,7,2022,35.7,68,34.3,0,86.7712,8.7657,25.13,1360.336,9.3649,224.3094,not fire
5,3,2018,31.8,91,20.6,0,81.3933,6.5047,20.428,55.6632,7.2434,31.9239,not fire
14,1,2018,29.8,80,17.4,0,84.842,6.7608,20.068,48.431,7.3398,29.1927,not fire
14,2,2019,19.5,78,27.1,0,83.7775,6.6438,18.214,243.8072,6.9499,79.4786,not fire
17,10,2018,20.9,85,17,0,82.2123,6.5,19.466,31.9525,7.0853,21.5907,not fire
27,7,2018,42.8,77,36.9,0,86.0348,8.3713,26.408,1964.7232,9.3404,271.3384,not fire
9,7,2023,40.2,42,24.6,0,92.2217,11.6257,25.94,509.977,11.5717,140.8742,not fire
27,4,2025,26.9,50,16.5,0,88.3459,9.394,20.796,67.4551,9.3368,39.4656,not fire
9,8,2022,33.2,85,20.6,0,83.9312,7.0622,23.98,76.5262,8.1349,40.8795,not fire
2,1,2018,27.2,99,10.4,0,76.1005,6.0348,19.6,5.3973,6.82,4.8019,not fire
12,6,2025,41,51,22.5,0,90.7103,11.4309,25.784,281.1289,11.382,100.299,not fire
29,1,2018,28.5,82,21,0,84.1146,6.6559,19.834,84.325,7.2388,41.9067,not fire
11,6,2021,39.5,80,26.8,0,85.0477,8.1377,25.514,274.1216,9.0551,92.0314,not fire
14,7,2021,35.9,51,28.8,0,89.8305,10.2579,25.166,777.2654,10.249,170.8962,not fire
4,8,2022,32.6,81,20.1,3.5,85.0177,7.3219,23.872,80.9671,8.2884,42.65,not fire
3,1,2018,16.6,94,19.6,0.1,78.1839,6.1307,17.692,33.4963,6.5699,21.7567,not fire
11,5,2025,25.8,49,19.5,0,88.3497,9.6117,22.048,116.3059,9.5712,56.1454,not fire
18,3,2018,32.8,77,15.5,0,85.0477,7.3291,20.608,35.2938,7.7593,23.9176,not fire
30,10,2018,23.2,70,9.7,0,85.0477,7.1046,19.88,12.3242,7.5044,10.6508,not fire
26,7,2022,39.7,74,23.5,0,86.2081,8.4914,25.85,177.0921,9.3249,71.8451,not fire
31,1,2024,28.8,58,31.4,0,87.3131,7.9756,25.442,868.3067,8.9427,174.4239,not fire
10,11,2017,35.6,78,22.6,0,85.0477,7.0705,21.112,127.9546,7.6968,55.5433,not fire
30,4,2025,39.1,69,18.8,0,87.1171,9.0212,22.992,85.8766,9.1081,45.6877,not fire
6,11,2017,34,76,19.2,0,85.0477,7.1169,20.824,69.0549,7.6756,37.5212,not fire
3,2,2024,26.8,61,17.8,0,86.5109,7.5456,19.528,65.7215,7.6761,36.3263,not fire
17,2,2019,29,48,27.2,0,89.1406,8.2234,19.924,526.6653,8.2087,129.4946,not fire
9,1,2021,26.1,93,12.4,0,79.748,6.2344,19.402,10.5069,6.9144,9.0043,not fire
24,3,2018,38,44,25.6,0,91.4588,9.7324,21.544,548.8119,9.6751,138.9561,not fire
27,7,2020,20.1,84,11.5,7,82.4719,8.8722,30.784,12.1657,10.3134,12.0604,not fire
4,2,2024,29,53,30.3,0,88.2854,8.0096,19.924,817.4324,8.0072,163.704,not fire
25,5,2022,41.7,43,30.3,0,92.3086,12.4226,24.91,1451.904,12.3176,251.0843,not fire
5,3,2022,32.6,78,17,0,85.0477,7.2638,20.572,46.3311,7.7162,28.8099,not fire
19,10,2018,29.7,89,10.9,0.5,82.0966,9.6501,31.234,10.4181,10.8893,10.8962,not fire
22,9,2024,28.8,74,24.6,0,85.0477,7.3841,21.888,183.9167,8.0114,70.105,not fire
1,2,2018,28.3,71,16.6,0.4,85.0477,7.2111,19.798,43.0883,7.5486,27.2103,not fire
13,8,2021,37.6,74,21.6,0,85.8686,9.2208,30.074,119.6185,10.4395,58.7954,not fire
8,2,2018,30.4,80,18.4,0,84.9347,6.8949,20.176,58.8061,7.4365,33.4039,not fire
29,6,2018,38.8,47,26.5,0,91.0531,11.5673,25.388,609.9121,11.5054,155.1188,not fire
2,8,2024,30.6,91,20.3,0.3,81.2257,6.589,23.512,51.7019,7.749,31.0733,not fire
19,4,2018,34.4,76,22.7,0,85.0477,8.0655,22.146,130.2969,8.4434,57.8197,not fire
5,4,2019,33,79,16.1,2.6,85.0477,7.7361,21.894,39.3521,8.2152,26.3261,not fire
20,6,2018,39.9,77,28.2,0,85.5663,8.4826,25.586,379.6883,9.2765,111.7,not fire
11,12,2017,32.9,74,26.2,0,85.1305,7.0046,20.626,248.6737,7.5766,82.4428,not fire
7,8,2020,25,78,16.3,0.8,84.593,7.1854,22.504,38.3451,7.9916,25.6075,not fire
8,1,2018,18.7,69,17.4,0,85.0477,6.7556,18.07,49.8179,6.9838,29.2693,not fire
15,3,2020,22.7,42,17.4,0,88.9022,9.0451,22.994,86.0202,9.1207,45.7572,not fire
13,2,2018,35,57,40.1,0,88.6366,8.205,21.004,5086.3961,8.3022,424.8731,not fire
20,8,2023,41,63,18.7,0,88.556,9.2158,25.384,103.6173,9.662,52.4324,not fire
4,7,2023,38.4,82,19.1,0,85.0477,7.6698,25.616,67.8135,8.7728,38.768,not fire
7,5,2020,31.5,76,17.2,0,85.0477,8.0598,23.074,48.0429,8.6051,30.66,not fire
15,7,2018,41.9,48,29,0,91.4202,11.2514,26.246,1011.3465,11.2185,202.0484,not fire
1,12,2017,31.7,87,15.2,0.1,83.0302,6.4846,20.41,25.5428,7.228,18.4873,not fire
26,8,2024,38.6,74,19.9,0,86.0256,8.1309,24.952,89.8323,8.9614,46.7559,not fire
2,2,2018,15.5,87,21.4,0.1,80.926,6.3065,17.494,61.0035,6.6341,32.9853,not fire
10,8,2019,35.1,85,19.9,0.5,84.224,7.121,24.322,70.0918,8.2231,38.7583,not fire
18,6,2019,42.8,24,44.8,0,96.2889,14.7836,26.108,34908.0673,14.617,1222.2009,not fire
21,2,2018,25.2,86,28.5,0,82.4075,6.523,19.24,263.6152,7.0611,83.5893,not fire
11,2,2018,32.3,66,15.5,0,86.538,7.6131,20.518,43.4684,7.899,27.8057,not fire
19,6,2022,38,86,25.8,0,84.335,7.4411,25.244,207.4796,8.5682,76.8806,not fire
12,7,2023,41.7,25,43.4,0,95.8881,13.5389,26.21,25650.4363,13.4166,1038.2354,not fire
28,2,2018,32.8,84,21.6,0,84.1864,6.7705,20.608,94.9306,7.4346,45.5816,not fire
19,1,2018,17.6,94,17.3,0,78.315,6.1381,17.872,22.3214,6.605,16.1867,not fire
31,7,2020,21.7,89,17.2,0,80.9465,6.589,22.61,28.5411,7.6237,20.4337,not fire
16,7,2021,38.9,67,40.4,0,87.4926,9.9588,30.234,4558.7881,10.9229,432.6686,not fire
3,8,2022,21.7,97,11.6,0.2,77.0498,6.1412,21.91,7.1673,7.2218,6.5173,not fire
15,2,2018,22.7,62,18.6,0,85.7064,7.2847,18.79,67.8578,7.3985,36.6526,not fire
28,12,2020,30.7,86,25.9,0,83.2137,6.5059,20.23,182.1768,7.2128,67.5456,not fire
5,2,2019,20.1,84,19.8,0.1,82.3838,6.4818,18.322,54.2355,6.8793,30.8464,not fire
10,12,2018,32.5,72,19.9,0,85.4687,7.0691,20.554,83.1059,7.6019,42.1687,not fire
14,10,2021,38.1,71,23.1,0,86.569,7.7225,22.562,173.3113,8.323,68.4472,not fire
12,7,2020,41,53,33.2,0,90.3663,10.6471,26.084,1864.3764,10.6375,273.8401,not fire
23,1,2018,30.8,95,23.5,0,79.1179,6.1964,20.248,73.9611,7.0211,38.1279,not fire
5,1,2018,28.2,73,32.4,0,86.1949,8.3531,24.614,888.2959,9.0381,177.1032,not fire
5,2,2018,30.3,89,18.9,0,82.0533,6.4906,20.158,44.2346,7.192,27.2535,not fire
5,8,2022,37.8,77,28.4,0,85.2338,7.8471,24.808,375.9642,8.7639,109.2141,not fire
17,4,2025,36.6,74,19.5,0,85.7056,8.3763,22.542,79.8824,8.6848,42.9416,not fire
18,1,2018,20.9,91,30,0,79.9144,6.2438,18.466,260.2903,6.7672,81.9728,not fire
30,4,2021,27.1,48,24.2,0.3,88.7872,9.555,20.832,290.5028,9.4906,96.5427,not fire
20,5,2025,26.7,59,20,0,86.8378,9.0007,22.21,102.6022,8.9946,50.892,not fire
9,7,2018,39.6,48,17.1,0,90.9855,10.9705,25.832,109.7796,10.9421,56.6695,not fire
4,3,2018,32.5,68,26.7,0,86.2396,7.8328,20.554,317.86,8.0225,96.682,not fire
25,5,2019,22,83,14.8,0.1,82.9431,7.0338,21.364,23.4918,7.7164,17.8018,not fire
22,3,2018,34.6,70,17.3,0,86.1827,7.8256,20.932,57.3051,8.09,33.7716,not fire
18,3,2022,33.7,80,17.6,2.7,85.0477,7.1864,20.77,51.6585,7.7066,30.9982,not fire
28,12,2017,22.6,63,24.3,0,85.5421,6.9965,18.772,186.5137,7.2436,68.5938,not fire
3,7,2019,34.3,29,17.6,0,93.6558,11.9029,24.878,175.1281,11.8177,77.0905,not fire
28,12,2022,29.4,76,13.8,0,85.0477,6.8318,19.996,25.9279,7.3692,18.8229,not fire
29,11,2017,33.9,91,24.6,0,81.6877,6.4176,20.806,119.0527,7.2469,52.1381,not fire
26,7,2021,39.2,54,36.4,0,89.8804,10.3538,25.76,3107.5827,10.3515,352.3507,not fire
26,1,2018,29.9,96,18.5,0,78.4024,6.1527,20.086,27.9632,6.9687,19.4967,not fire
6,2,2024,23,95,29,0,78.183,9.1679,28.092,184.2995,10.0975,75.4634,not fire
6,4,2025,22.8,68,22.8,0,85.0477,7.8541,20.058,132.6821,7.9378,57.345,not fire
17,2,2018,19.6,86,24.5,0,81.6529,7.9123,26.838,116.4306,9.1101,55.2812,not fire
23,6,2024,30,74,15.2,0.8,85.0477,8.1288,23.804,33.4244,8.7702,24.0573,not fire
10,8,2022,31.7,95,15.6,0.6,79.2789,6.3386,23.71,17.9203,7.5986,14.4243,not fire
1,9,2023,35,28,22.4,0,94.0614,14.1825,28.836,442.5452,14.0832,138.6462,not fire
23,7,2020,29,91,33.8,0,80.9661,6.6362,23.924,581.065,7.8374,134.9824,not fire
28,6,2018,39.2,53,14.2,0,90.0024,10.9865,25.46,56.3687,10.9505,37.145,not fire
29,12,2022,29.2,88,29,0.5,82.2647,6.4132,19.96,283.5946,7.1129,87.4149,not fire
6,8,2024,32.9,94,27.6,0.2,79.9882,7.5097,28.994,169.7061,9.1164,69.5383,not fire
21,8,2019,42.8,39,42,0,93.2681,11.5284,25.708,13873.3944,11.4741,748.9635,not fire
5,6,2025,36.9,62,14.6,0,88.6009,12.4173,30.69,49.57,12.4118,35.7569,not fire
4,6,2025,38.5,66,27.7,0,87.6018,9.5446,25.334,462.4767,9.8303,126.9718,not fire
29,3,2018,30,32,22.7,0,92.2979,11.3494,25.028,365.2008,11.2898,116.0677,not fire
2,3,2018,18.6,80,16.2,0,83.2503,6.6716,18.052,31.5035,6.9354,21.2143,not fire
22,1,2018,22.3,69,17,0,85.0477,6.893,18.718,46.3311,7.1778,28.1132,not fire
4,1,2023,31.2,83,22.2,0,84.2407,6.676,20.32,106.6209,7.3308,48.8351,not fire
12,5,2025,43.7,48,38.4,0,91.7405,12.133,25.27,5823.6858,12.0461,501.0669,not fire
9,6,2018,29.6,69,20.3,0.9,85.5842,8.5055,23.732,90.8078,8.9721,47.0948,not fire
25,1,2018,28.8,61,21.8,0,86.8572,7.4356,19.888,142.6145,7.6866,59.3485,not fire
11,6,2025,39.6,51,19.1,0,90.4539,11.2503,25.532,146.2641,11.2044,68.0182,not fire
11,7,2018,28.2,72,22.5,0,85.0477,7.9268,23.78,125.6543,8.6473,56.9754,not fire
28,5,2023,19.7,85,10.5,0,82.1538,6.8214,20.95,9.7568,7.5208,8.7539,not fire
12,11,2017,34.3,74,21.1,0,85.3459,7.2203,20.878,101.5708,7.7447,48.1894,not fire
2,12,2017,34.4,92,24,0,81.277,6.3227,20.896,101.7583,7.1994,47.1545,not fire
27,12,2019,14.9,100,16.6,0,74.5318,8.051,24.652,15.1767,8.8645,13.4773,not fire
19,12,2024,21.5,61,11.6,0,85.6552,7.0016,18.574,18.9241,7.2093,14.7436,not fire
19,2,2018,30.8,70,25.6,0,85.593,7.3594,20.248,237.7978,7.7116,80.7234,not fire
17,12,2017,28.5,72,8.3,0,85.0477,6.9418,19.834,9.5601,7.4047,8.5433,not fire
25,8,2022,26.1,75,19.8,0,85.0477,7.4038,22.702,76.9953,8.157,41.0774,not fire
23,12,2017,31.6,79,29,0,85.0477,6.7804,20.392,408.569,7.4052,109.0594,not fire
18,12,2017,29.9,86,17.6,0,83.1102,6.4932,20.086,39.8846,7.182,25.3607,not fire
17,3,2022,31.4,85,17.3,0,83.6626,6.831,20.356,40.5876,7.4293,25.969,not fire
11,6,2023,35.4,79,12.2,0,85.0477,8.0179,24.776,19.3961,8.8643,16.2698,not fire
4,12,2017,29.6,92,15.6,0,80.6398,6.2791,20.032,20.6342,7.0408,15.6121,not fire
19,7,2019,31.4,26,13.2,0,93.647,12.8337,31.86,78.7365,12.8303,48.7352,not fire
26,3,2018,33.2,66,17.6,0,86.6949,7.9879,20.68,65.0533,8.1275,36.7735,not fire
3,2,2018,25.7,90,11.3,0.1,81.0948,6.3807,19.33,9.9529,6.9917,8.6334,not fire
7,4,2025,35.7,81,22,0,85.0477,7.6951,22.38,114.7588,8.2761,53.1199,not fire
28,12,2024,18.4,100,15.2,0.2,74.5537,6,18.016,11.7862,6.5481,9.7098,not fire
18,7,2019,39.7,73,26,0,86.4245,9.7835,31.098,287.3555,10.9526,100.328,not fire
17,11,2017,35.2,77,24.5,0,85.0477,7.1069,21.04,180.6105,7.7063,68.5364,not fire
24,8,2022,27.3,69,24,0,85.2341,7.8176,22.918,169.2461,8.4388,67.7667,not fire
1,6,2019,37.1,70,20.3,0,86.597,9.017,25.082,104.7026,9.4978,52.4735,not fire
8,4,2025,36.8,74,21.5,0,85.7398,8.3889,22.578,115.3703,8.6982,54.1515,not fire
6,6,2025,42.2,70,33,0,87.4548,9.4198,26,1184.4373,9.8857,211.7498,not fire
9,6,2025,39.3,45,20.1,0,91.4911,11.8498,25.478,203.286,11.778,84.0644,not fire
9,11,2023,34.4,79,15.6,0,85.0477,6.9884,20.896,35.9399,7.6122,24.0614,not fire
3,11,2017,35.6,83,22.6,0,83.0047,6.97,25.838,97.4633,8.3254,48.0517,not fire
19,3,2018,33.8,83,15.4,0,84.6456,7.0113,20.788,32.8028,7.6078,22.5559,not fire
26,2,2018,32.7,94,20.1,0,80.0121,8.9891,29.098,43.6422,10.1439,30.4798,not fire
10,7,2018,40.9,56,33.8,0,89.8233,13.925,37.204,1923.2407,14.3874,303.8814,not fire
30,7,2020,26.1,96,16.7,4,77.9784,6.2555,23.402,19.452,7.4994,15.284,not fire
4,6,2020,27.1,65,24.5,0,86.3205,11.0663,31.9,215.7086,11.853,87.2088,not fire
24,10,2018,18.6,90,9.8,0.4,80.3912,6.2985,19.052,7.0128,6.8968,6.2513,not fire
1,8,2022,34.5,77,17.8,0.3,85.0477,7.6904,24.214,53.5671,8.5734,32.9369,not fire
10,12,2017,31.6,74,22.8,0,85.0477,6.9662,20.392,132.6821,7.5146,56.3825,not fire
19,8,2018,23.9,82,14.8,0.2,83.4654,6.929,22.306,25.1306,7.8004,18.7836,not fire
13,5,2023,38.2,59,19.3,0,88.7923,10.242,24.28,119.5186,10.2169,58.3432,not fire
4,8,2020,37.3,74,24.4,0,87.4714,13.3125,35.964,249.4656,13.8283,99.8385,not fire
29,7,2022,43.1,72,25.9,0,87.1914,8.9066,26.462,314.6528,9.6734,101.6617,not fire
3,12,2017,33.1,95,21.7,0,79.4346,6.1943,20.662,55.0212,7.0813,31.442,not fire
17,3,2018,20.3,92,20.6,0,79.4834,6.2918,18.358,45.286,6.777,27.1523,not fire
8,11,2017,33.3,93,15.4,0,80.7287,12.8896,31.518,20.0952,12.879,19.4472,not fire
17,3,2024,22.7,80,18.5,0,83.7883,6.8114,18.79,51.3023,7.1464,30.0851,not fire
19,6,2025,39.6,64,23.1,0,88.1467,9.8574,25.532,217.0578,10.0319,82.9329,not fire
24,1,2018,30.1,50,22.6,0,88.9625,7.9205,20.122,222.8586,7.9841,78.5021,not fire
18,2,2018,30.2,82,17.7,0,84.3755,6.8003,20.14,47.9963,7.3751,29.0612,not fire
14,7,2019,41.1,45,22.3,0,91.8215,13.112,31.656,317.5256,13.0952,112.4844,not fire
24,5,2018,28.6,60,23,0,86.9985,9.1276,22.552,180.8969,9.1221,72.2587,not fire
7,1,2018,13.1,95,11.1,0.2,77.7724,6.0874,17.062,6.9246,6.435,5.9838,not fire
3,8,2018,40.9,75,31.6,0,86.1891,8.1677,25.366,767.6796,9.0501,163.7478,not fire
12,7,2019,27,54,24.8,0,87.7487,9.0357,23.564,279.0914,9.2266,93.5262,not fire
27,4,2020,24.1,87,19.7,0,81.9523,6.7942,20.292,50.521,7.3968,30.1182,not fire
12,2,2018,30.8,85,23.1,0,83.5645,6.6797,20.248,114.7451,7.3213,51.1136,not fire
15,6,2025,32.2,25,25.9,0,94.1605,12.5751,24.2,846.5514,12.4506,189.6478,not fire
13,3,2023,26.6,93,16.2,0.5,79.7561,6.3305,19.492,20.9512,6.9876,15.7496,not fire
7,6,2018,39.5,62,21.3,0,88.4875,10.0617,25.514,164.4361,10.1331,70.588,not fire
27,1,2018,20.4,95,25.9,0,77.8703,6.1323,18.376,102.2978,6.6864,46.2507,not fire
16,12,2017,31,68,23.4,0,85.9927,7.1673,20.284,168.72,7.6112,65.5367,not fire
28,6,2022,39.7,70,18.5,0,87.0211,9.2224,25.55,80.2232,9.6956,44.6865,not fire
20,7,2023,29.8,61,23.4,0,87.0292,8.8302,24.068,195.3622,9.2115,75.8725,not fire
20,7,2022,39.9,73,29.6,0,86.4598,8.5999,25.886,554.8846,9.3959,138.6019,not fire
20,3,2018,34.7,85,20.3,0,84.2127,12.6082,31.5,75.2523,12.6079,47.0659,not fire
15,3,2018,21.1,66,23.9,0.6,85.0477,7.2866,18.502,161.9845,7.3433,63.2545,not fire
19,7,2021,39.7,69,29.9,0,87.2352,8.9705,25.85,654.1428,9.6067,152.6985,not fire
14,2,2018,35.3,85,21.2,0,84.2544,6.7756,21.058,89.0966,7.5101,43.9187,not fire
15,7,2022,36.8,69,28.8,0.6,86.7556,8.7593,25.328,500.4687,9.3954,130.8996,not fire
9,11,2017,34.9,74,22.7,0,85.4407,7.2409,20.986,137.5738,7.7751,58.2593,not fire
2,6,2018,37.3,62,16.7,0,88.0947,9.8416,25.118,67.4725,9.9433,40.3421,not fire
21,6,2024,39.8,45,18.5,0,91.575,11.9222,25.568,153.8968,11.8492,71.4543,not fire
31,8,2021,39,98,19.9,0,78.1828,6.1656,25.024,35.3664,7.6308,23.8116,not fire
28,12,2021,29.5,87,12.6,0,82.7261,6.4521,20.014,15.3334,7.1454,12.4649,not fire
30,5,2024,32.2,50,18.5,0,91.0285,15.0439,28.762,142.3914,14.9146,73.8708,not fire
16,7,2019,28.4,56,21.2,0,87.6322,9.0484,23.816,142.852,9.2813,63.0352,not fire
23,8,2022,44.1,38,45.9,0,93.6921,11.7854,25.942,29860.5863,11.7249,1074.3748,not fire
26,7,2020,39.7,76,21.4,0,85.7624,8.2997,25.85,113.6552,9.2082,54.6535,not fire
31,1,2018,15.4,91,21.4,0,79.4417,6.1828,17.476,52.1437,6.5619,29.5809,not fire
25,7,2019,37.2,26,35.6,0,94.8809,12.6563,25.4,5431.8779,12.5516,489.913,not fire
15,7,2020,40.9,39,21.6,0,92.9102,12.017,26.066,326.0313,11.9494,110.8446,not fire
22,4,2020,23.6,92,28.2,0,79.7925,6.479,20.202,185.4433,7.1918,68.2124,not fire
3,5,2024,36.4,87,13.4,0.2,83.7354,7.2834,23.956,20.1981,8.2762,16.3307,not fire
28,8,2023,39.6,75,18.8,0,85.9674,8.1006,25.132,72.9831,8.9717,40.9655,not fire
18,6,2025,29.4,38,28.6,0,91.0374,10.9784,23.696,890.7102,10.9088,187.2809,not fire
28,3,2018,35.3,64,19.9,0,87.4119,8.2337,21.058,109.3445,8.3274,51.6477,not fire
17,6,2019,29.9,57,27.2,0.1,87.7438,9.5093,23.786,431.0417,9.5119,120.8742,not fire
13,11,2017,32.7,92,14.3,0,81.065,6.3585,20.59,17.0933,7.1765,13.6025,not fire
8,7,2018,32.3,55,18.4,0,88.4601,9.5299,24.518,96.7871,9.6666,50.2557,not fire
5,7,2018,36.4,54,17.4,0,89.3485,10.0513,25.256,91.7115,10.0768,49.274,not fire
27,2,2018,21.5,93,21.2,0.5,79.1193,6.2247,18.574,48.7373,6.774,28.5478,not fire
5,5,2021,36.9,80,21.4,0,85.0477,8.0008,24.046,102.9239,8.7354,50.5065,not fire
27,6,2025,41.1,33,24.6,0,94.1278,13.4436,25.802,665.6911,13.3173,170.1975,not fire
24,12,2017,29.8,80,8.9,0,84.8463,6.7023,20.068,10.3687,7.3052,9.1102,not fire
18,11,2017,34,80,29,0,85.0477,6.9307,20.824,408.569,7.566,109.7223,not fire
20,5,2019,22.9,89,30.6,0,80.9978,6.695,21.526,326.3435,7.5329,96.3853,not fire
1,4,2025,36.6,71,19.7,0,86.318,8.6505,22.542,90.2722,8.8299,46.6715,not fire
1,6,2025,42,24,37.2,0,96.1467,14.6235,25.964,8626.6295,14.4596,637.0564,not fire
11,7,2024,29.8,53,10.5,0,88.2748,9.4108,24.068,22.485,9.5178,18.6734,not fire
6,12,2017,17.6,96,19.9,0,77.1394,6.085,17.872,32.5203,6.5741,21.3062,not fire
7,6,2025,30.2,63,16.9,0,86.7243,9.0489,23.84,57.5353,9.2861,35.5036,not fire
12,7,2022,22,86,26.1,0,81.9789,6.7595,22.664,161.8365,7.7445,64.2438,not fire
21,4,2025,37.3,49,22.6,0,90.4167,10.7478,22.668,274.5134,10.6674,96.9156,not fire
2,11,2017,32,84,15.6,0,84.0697,6.7021,20.464,31.4716,7.37,21.6557,not fire
2,8,2020,31,96,16.9,8.9,78.5519,6.2651,23.584,21.1984,7.5296,16.3375,not fire
7,7,2018,38.2,43,20.5,0,91.6643,11.261,25.58,224.0257,11.2155,87.5558,not fire
16,2,2023,29.1,70,20.2,0,85.3242,7.287,19.942,86.0123,7.6163,43.1339,not fire
30,3,2018,37.5,52,22.4,0,89.9166,9.1583,21.454,246.443,9.1277,86.7253,not fire
9,3,2018,34.1,76,25.3,0,85.0477,7.44,20.842,208.8186,7.8629,75.1913,not fire
3,3,2018,30.5,95,13.3,0.4,79.1482,6.2693,20.194,11.6594,7.0595,9.9196,not fire
27,3,2018,36.7,66,21.5,0,87.2888,8.1908,21.31,143.6217,8.3541,61.163,not fire
10,6,2025,43.2,37,28.9,0,93.7201,13.3475,26.18,1372.3975,13.2315,249.1154,not fire
8,12,2017,29.6,86,15.4,0,83.0734,6.4884,20.032,26.6337,7.1705,19.0082,not fire
23,5,2025,30.9,56,22.1,0,88.0659,9.7068,22.966,178.9629,9.6808,73.1625,not fire
27,10,2024,25.8,76,14.1,0.1,85.0477,6.9782,20.348,27.378,7.5141,19.7238,not fire
8,8,2018,22,84,14.7,0,82.6643,6.763,21.964,22.2691,7.6428,17.0472,not fire
1,7,2025,27.9,21,23.9,0,94.3658,16.8728,33.088,605.9116,16.7543,174.1535,not fire
12,8,2022,36.5,66,36,0,87.2781,8.6392,24.574,1990.2442,9.196,271.9896,not fire
7,8,2022,33.6,90,21.6,0,82.1016,6.7164,24.052,72.6153,7.9104,39.1541,not fire
28,6,2025,32.3,30,36.1,0,93.1716,12.1552,24.218,4693.6337,12.0473,450.9348,not fire
11,1,2025,15.5,100,22.3,0.7,74.1835,6,17.494,41.9431,6.4605,25.3472,not fire
4,9,2021,38.7,95,20.9,0,80.2261,6.3543,23.67,51.6073,7.6048,30.839,not fire
6,3,2018,33.1,94,18.1,0,80.0393,6.3498,20.662,30.4492,7.1818,20.9571,not fire
8,8,2024,31.9,95,14.7,0.4,79.3115,6.3406,23.746,15.2691,7.6047,12.7313,not fire
7,5,2023,37.5,63,16,0,87.947,9.76,24.154,58.1816,9.7552,36.3888,not fire
30,6,2018,25.4,66,21.7,0,85.4663,8.372,22.976,115.159,8.7621,54.2179,not fire
30,5,2020,31.9,35,25.7,0,92.0593,11.6471,23.146,608.486,11.5382,155.0561,not fire
16,5,2025,39.4,45,29.1,0,91.5294,11.8643,24.496,1045.9635,11.7733,208.6488,not fire
