latitude,longitude,acq_date_converted,month,label,temp_max,rain,wind_speed_ms,wind_speed_kmh,humidity,ffmc,dmc,dc,isi,bui,fwi
20.32574,40.89713,15-06-2018,6,1,41.2,0,21.9,78.84,41,92.5837,12.5703,25.82,328.8406,12.4766,112.942
17.45982,44.06995,3/1/2019,1,1,29.4,0,17.1,61.56,76,85.0477,6.9012,19.996,47.1792,7.4094,28.7687
18.39027,42.65908,13-01-2019,1,1,24.9,0,24.8,89.28,80,84.0936,6.6402,19.186,167.5354,7.1199,63.9681
20.45366,40.47027,14-01-2019,1,1,33,0,25.9,93.24,85,83.897,6.6297,20.644,199.2448,7.3547,71.6811
20.45205,40.47014,14-01-2019,1,1,33,0,25.9,93.24,85,83.897,6.6297,20.644,199.2448,7.3547,71.6811
20.41115,40.47364,20-02-2019,2,1,30,0,20.5,73.8,64,86.5346,7.5904,20.104,107.6163,7.8095,50.1028
20.403,40.46908,20-02-2019,2,1,29.9,0,20.5,73.8,64,86.5183,7.5853,20.086,107.3682,7.8034,50.0181
20.40984,40.46812,20-02-2019,2,1,30,0,20.5,73.8,64,86.5346,7.5904,20.104,107.6163,7.8095,50.1028
17.39277,43.4768,25-02-2019,2,1,23.7,0,23.1,83.16,70,85.0477,7.0569,18.97,140.1029,7.3128,57.8198
20.47318,40.46657,26-02-2019,2,1,35.9,0,19.9,71.64,78,85.0477,7.1563,21.166,78.4047,7.7564,40.8827
18.26715,42.5074,10/12/2019,12,1,18,0,16.9,60.84,94,78.3563,6.1302,17.944,20.8341,6.6127,15.3689
17.50813,42.58554,12/1/2020,1,1,26.8,0,14.7,52.92,75,85.0477,6.8587,19.528,30.5261,7.304,21.1207
19.18975,41.75808,1/4/2020,4,1,36.3,0,16.7,60.12,82,85.0477,7.6321,22.488,43.8771,8.2577,28.4196
17.55384,42.6135,23-04-2020,4,1,38.6,0,25,90,82,85.0477,7.7324,22.902,197.7581,8.3862,74.234
17.19881,43.67267,15-08-2020,8,1,30.5,0,26.4,95.04,74,85.0477,7.6962,23.494,254.9354,8.4622,86.4417
20.58503,40.93483,17-09-2020,9,1,26,0,16.1,57.96,84,83.1915,6.772,21.384,30.7027,7.5592,21.4686
20.58982,40.93318,17-09-2020,9,1,26.6,0,16.1,57.96,84,83.2759,6.7891,21.492,31.0397,7.5867,21.6648
20.58908,40.92947,17-09-2020,9,1,26.6,0,16.1,57.96,84,83.2759,6.7891,21.492,31.0397,7.5867,21.6648
20.5884,40.92614,17-09-2020,9,1,26.2,0,16.1,57.96,84,83.2195,6.7777,21.42,30.8141,7.5684,21.5336
20.58561,40.93087,17-09-2020,9,1,26.3,0,16.1,57.96,84,83.2336,6.7805,21.438,30.8701,7.573,21.5662
20.59031,40.92881,17-09-2020,9,1,26.9,0,16.1,57.96,84,83.3184,6.7976,21.546,31.2113,7.6005,21.7643
20.58929,40.924,17-09-2020,9,1,26.4,0,16.1,57.96,84,83.2476,6.7834,21.456,30.9264,7.5776,21.599
20.59802,40.94524,18-09-2020,9,1,28.8,0,15.1,54.36,36,91.18,9.4069,21.888,78.5218,9.3731,43.5753
18.39077,42.71771,12/12/2020,12,1,22.8,0,18.2,65.52,94,78.7762,6.163,18.808,27.388,6.7755,19.0135
19.89091,41.67007,25-02-2021,2,1,14.9,0,18.2,65.52,100,74.308,6,17.386,20.0594,6.442,14.7885
16.78443,43.20578,8/4/2021,4,1,37.5,0,19.3,69.48,47,90.7998,10.9597,22.704,159.3491,10.8707,70.8867
16.78381,43.20264,8/4/2021,4,1,37.5,0,19.3,69.48,47,90.7998,10.9597,22.704,159.3491,10.8707,70.8867
20.38407,40.46009,17-05-2021,5,1,43.6,0,29,104.4,18,97.6602,15.6498,25.252,2386.6436,15.44,346.2553
17.45388,43.1021,23-06-2021,6,1,29,0.3,18.7,67.32,79,84.9651,7.6641,23.624,62.3545,8.4637,36.257
18.01961,42.73029,24-06-2021,6,1,28.1,0,11.2,40.32,73,85.0477,8.0756,23.462,16.1783,8.6811,14.0457
18.0192,42.72699,24-06-2021,6,1,28.3,0,11.2,40.32,73,85.0477,8.0898,23.498,16.1783,8.6955,14.055
18.02326,42.72637,24-06-2021,6,1,28.3,0,11.2,40.32,73,85.0477,8.0898,23.498,16.1783,8.6955,14.055
18.02312,42.72608,24-06-2021,6,1,28.3,0,11.2,40.32,73,85.0477,8.0898,23.498,16.1783,8.6955,14.055
18.61982,42.67132,1/10/2021,10,1,30,0,20.8,74.88,70,85.4631,7.4137,21.104,97.7688,7.8943,47.3312
16.96181,43.22078,22-10-2021,10,1,29.8,0,10,36,41,90.3461,8.7624,21.068,27.6386,8.744,20.9985
17.38922,42.55577,21-01-2022,1,1,29,0,22,79.2,80,84.717,6.7411,19.924,109.6746,7.3041,49.6523
16.96493,43.1899,2/4/2022,4,1,32.5,0,15.5,55.8,40,91.1387,10.8874,21.804,83.9362,10.7826,47.701
19.05717,42.11116,2/4/2022,4,1,23.3,0,18.9,68.04,27,91.9395,10.3182,20.148,174.2491,10.2019,73.2328
16.90154,43.14417,6/4/2022,4,1,39.1,0,26.3,94.68,59,88.9651,9.9958,22.992,436.1985,9.9564,123.3641
16.89509,43.14128,6/4/2022,4,1,39.2,0,26.3,94.68,59,88.9822,10.0057,23.01,437.2722,9.9663,123.5706
16.89666,43.13967,6/4/2022,4,1,39.2,0,26.3,94.68,59,88.9822,10.0057,23.01,437.2722,9.9663,123.5706
16.89108,43.14088,6/4/2022,4,1,39.2,0,26.3,94.68,59,88.9822,10.0057,23.01,437.2722,9.9663,123.5706
17.4243,43.23979,7/4/2022,4,1,25.7,0,19.5,70.2,45,89.019,9.5734,20.58,128.0328,9.5024,59.4167
17.41885,43.2424,7/4/2022,4,1,27.2,0,19.5,70.2,45,89.2919,9.7735,20.85,133.1486,9.6987,61.263
17.47166,44.16447,7/4/2022,4,1,30.5,0,14.9,53.64,14,96.2007,12.5883,21.444,152.1081,12.407,72.0727
17.43601,43.22984,8/4/2022,4,1,25.6,0,16.9,60.84,28,92.157,10.6605,20.562,125.0135,10.5383,60.5936
21.12139,40.14682,3/6/2022,6,1,32.7,0,11.7,42.12,26,93.8874,12.5848,24.29,62.0167,12.4617,41.4283
21.10315,40.16245,4/6/2022,6,1,31.7,0,10.5,37.8,28,93.2436,12.2173,24.11,45.6076,12.1049,33.5235
21.11035,40.16299,4/6/2022,6,1,30.7,0,10.5,37.8,28,93.0412,12.0277,23.93,44.3348,11.9193,32.7066
21.1296,40.18893,6/6/2022,6,1,30.2,0,13.2,47.52,36,91.4195,11.2737,23.84,57.5562,11.1944,37.9559
21.13015,40.19281,6/6/2022,6,1,29.7,0,13.2,47.52,36,91.3222,11.1895,23.75,56.7653,11.1119,37.5141
21.12734,40.19751,6/6/2022,6,1,31.2,0,13.2,47.52,36,91.6138,11.4422,24.02,59.1655,11.3593,38.849
20.41243,41.31327,11/7/2022,7,1,26.5,0,24.8,89.28,79,84.5787,7.3612,23.474,178.8613,8.2526,69.5718
17.42042,42.69541,16-07-2022,7,1,38,0,32.2,115.92,59,88.7858,9.765,25.544,1239.7174,9.9862,217.5273
19.88838,41.6748,26-09-2022,9,1,26.3,0,22.5,81,33,91.3727,9.2684,21.438,308.9444,9.2318,99.1774
16.44426,43.1194,18-12-2022,12,1,33.3,0,40,144,84,84.2585,6.6255,20.698,2699.0616,7.3606,299.9089
18.26348,42.66727,26-08-2023,8,1,33.4,0,27.8,100.08,67,86.5725,8.3504,24.016,406.7439,8.9345,114.8365
18.26618,42.66677,26-08-2023,8,1,33.5,0,27.8,100.08,67,86.5889,8.3572,24.034,407.688,8.9415,115.0134
20.12757,41.28718,6/9/2023,9,1,30.9,0,17.8,64.08,64,86.6711,8.051,22.266,67.2294,8.4571,38.0765
20.12581,41.28721,6/9/2023,9,1,30.8,0,17.8,64.08,64,86.6547,8.0446,22.248,67.0732,8.4503,38.0085
16.9984,43.23317,10/10/2023,10,1,30.7,0,12.3,44.28,64,86.6053,7.7346,21.23,24.5588,8.0956,18.7258
18.40277,42.69438,24-03-2024,3,1,23.8,0.2,39.5,142.2,69,85.0477,7.3158,18.988,2744.6333,7.4529,303.4325
18.78497,41.96858,20-04-2024,4,1,35.2,0,22.7,81.72,89,82.7639,6.968,22.29,96.2535,7.8226,46.7301
20.33572,40.84005,2/5/2024,5,1,37,0,14.3,51.48,67,87.1271,9.31,24.064,38.0166,9.4652,27.0514
16.71074,43.07895,12/5/2024,5,1,41.5,0,20.6,74.16,58,89.5446,10.7104,24.874,168.5575,10.6754,72.8677
20.62527,40.6595,13-06-2024,6,1,29.6,0,10.5,37.8,71,85.2068,8.3439,23.732,14.565,8.8813,13.059
20.96898,40.48522,17-06-2024,6,1,35.2,0,17.9,64.44,39,91.853,11.8295,24.74,143.5723,11.7447,68.3383
20.96367,40.48217,17-06-2024,6,1,33.1,0,17.9,64.44,39,91.4625,11.4923,24.362,135.8381,11.414,65.4609
19.31374,41.62147,26-11-2024,11,1,31.7,0,15,54,83,84.3232,6.7393,20.41,29.2033,7.3835,20.5371
17.44254,43.222,25-02-2025,2,1,22.3,0,20.9,75.24,71,85.0477,6.964,18.718,93.9994,7.2161,44.875
17.97998,43.16739,7/3/2025,3,1,20,0,25.5,91.8,95,77.8358,6.1798,18.304,94.8672,6.7024,44.119
17.97884,43.16243,7/3/2025,3,1,19.7,0,25.5,91.8,95,77.8066,6.1773,18.25,94.6408,6.6919,44.0305
19.00346,41.7177,17-03-2025,3,1,36.1,0,23.1,83.16,55,89.145,8.8535,21.202,250.4951,8.8333,86.6797
18.2458,42.57752,21-07-2023,7,0,32.5,0,38,136.8,38,91.63,10.8925,24.554,5331.9073,10.8435,466.3542
16.73561,43.05014,29-05-2025,5,0,39.1,0,18.7,67.32,79,85.0477,8.2225,24.442,63.0671,8.9325,37.2051
20.71868,39.8223,24-12-2024,12,0,29.6,0.6,18.6,66.96,84,83.7049,6.5582,20.032,51.6692,7.2129,30.3233
16.73585,43.04995,12/1/2024,1,0,30.9,0,24.1,86.76,88,82.5214,6.4727,20.266,120.3602,7.198,52.3852
19.28679,41.74485,26-08-2018,8,0,36.8,0,24.1,86.76,69,86.7487,8.4255,24.628,213.1429,9.0828,79.5306
16.73534,43.05249,2/5/2025,5,0,39,0,14.4,51.84,64,88.0147,9.8005,24.424,43.9489,9.799,30.2403
16.73739,43.2614,30-05-2025,5,0,38.9,0,18.3,65.88,78,85.1658,8.3167,24.406,59.6154,8.9818,35.9252
20.71628,39.82787,15-05-2025,5,0,45,0,37.5,135,40,93.4646,13.2819,25.504,6303.2761,13.156,533.5958
20.71576,39.82409,22-07-2023,7,0,44.2,0,34.3,123.48,26,96.1168,13.8728,26.66,5077.0823,13.7468,486.366
18.24558,42.57632,14-04-2021,4,0,23.2,0.1,18.8,67.68,86,82.1768,6.8248,20.13,44.0989,7.3878,27.4445
20.71544,39.8228,28-11-2017,11,0,32.6,0,18.2,65.52,73,85.285,7.2063,20.572,59.516,7.6837,34.0375
19.28898,41.74739,12/4/2025,4,0,34.5,0,19.6,70.56,60,87.9812,9.4522,22.164,112.34,9.422,54.6716
18.29941,42.25232,23-04-2025,4,0,33.3,0,15.4,55.44,42,90.917,10.837,21.948,79.8643,10.7375,46.1576
19.28926,41.741,25-02-2018,2,0,32.1,0,14.5,52.2,95,79.3388,6.2358,20.482,14.7644,7.0816,12.0517
16.7356,43.0512,6/1/2018,1,0,27.9,0.1,12.1,43.56,96,78.2463,6.1428,19.726,8.6389,6.9078,7.5809
20.71798,39.82601,12/3/2018,3,0,34.9,0,35,126,53,89.3151,8.8842,20.986,2222.868,8.8575,284.9778
20.71577,39.82664,22-02-2018,2,0,32.5,0,22.3,80.28,91,81.4888,6.4296,20.554,76.6203,7.216,39.3544
19.29067,41.74623,30-01-2018,1,0,22.2,0,12.6,45.36,89,81.0667,6.3155,18.7,12.5598,6.8486,10.4251
19.29108,41.74569,16-03-2018,3,0,28.3,0,15.9,57.24,85,83.2116,6.7517,19.798,29.6859,7.289,20.6861
18.24579,42.57865,6/8/2018,8,0,24.4,0,17.7,63.72,98,76.4319,6.1053,22.396,20.7421,7.2616,15.855
20.71571,39.82805,14-06-2025,6,0,40.4,0,19.1,68.76,44,91.87,12.1183,25.676,178.9176,12.0395,78.5585
20.71488,39.82566,14-08-2024,8,0,38.8,0,22.7,81.72,83,85.0477,7.4003,24.988,130.2969,8.5042,57.9514
20.7144,39.82648,23-01-2020,1,0,25.4,0,33.6,120.96,47,88.7076,7.7291,19.276,1580.3272,7.7279,230.3379
18.24588,42.57766,25-04-2025,4,0,27.4,0,17.3,62.28,53,87.9367,9.2474,20.886,73.5466,9.1996,41.5205
20.71688,39.8238,19-07-2022,7,0,41.1,0,42,151.2,25,95.7825,13.4332,26.102,19614.7908,13.3127,915.7335
20.71594,39.82635,19-03-2024,3,0,30.8,0,38.1,137.16,78,85.0477,7.1963,20.248,2129.0628,7.6211,267.9288
19.29035,41.74226,30-06-2023,6,0,41.4,0,16.2,58.32,49,91.1228,11.7063,25.856,95.085,11.6474,52.9799
20.71505,39.82548,2/6/2025,6,0,43.8,0,40.9,147.24,31,95.0249,14.1562,26.288,14489.9752,14.0138,806.6333
19.28889,41.74606,13-03-2018,3,0,32.5,0,16,57.6,71,85.6556,7.661,20.554,42.0418,7.9314,27.2152
21.12544,40.14082,31-03-2018,3,0,29,0,15,54,66,86.0064,7.7445,19.924,36.8321,7.8554,24.7498
18.02683,42.72258,3/5/2020,5,0,22.8,0.2,12.6,45.36,83,83.0643,7.0696,21.508,16.0077,7.7614,13.3212
20.71755,39.82793,25-06-2025,6,0,43,0,31.7,114.12,30,95.0817,14.127,26.144,2751.9649,13.983,361.1002
20.71672,39.82717,21-01-2018,1,0,31.3,0,21.6,77.76,70,85.6668,7.1966,20.338,116.2914,7.6372,52.2214
19.29112,41.74527,6/2/2018,2,0,29.9,0,19.4,69.84,92,80.6574,6.3523,20.086,41.191,7.095,25.827
20.71816,39.82513,24-11-2017,11,0,30.6,0,20,72,64,86.6309,7.513,20.212,99.6347,7.7884,47.6937
19.29218,41.74324,14-03-2021,3,0,36,0,18.1,65.16,65,87.3428,8.2134,21.184,78.109,8.3415,41.7654
16.73662,43.04996,7/5/2025,5,0,36.7,0,19.6,70.56,74,85.7215,8.5874,24.01,81.5266,9.0673,44.1354
20.71749,39.82621,30-09-2022,9,0,37.3,0,26.3,94.68,96,79.3726,6.2735,23.418,125.9763,7.5144,54.6049
18.24751,42.57691,13-08-2022,8,0,26.1,0,14.5,52.2,91,80.6728,6.5054,22.702,16.9631,7.5803,13.8104
20.71518,39.8278,25-07-2018,7,0,36.7,0,20.3,73.08,80,85.0477,7.7755,25.31,84.3054,8.7957,44.6324
16.73671,43.05173,23-03-2018,3,0,37.7,0,28.1,101.16,63,88.0159,8.4471,21.49,527.6516,8.5209,131.0201
17.46722,42.5427,19-05-2025,5,0,36.9,0,20.1,72.36,83,85.0477,7.7007,24.046,81.3016,8.5534,43.2089
20.71698,39.8263,8/6/2021,6,0,39.5,0,23.6,84.96,71,86.7995,9.0997,25.514,196.0702,9.621,77.084
19.29069,41.74426,8/10/2019,10,0,34.2,0,16.7,60.12,91,81.7475,6.4814,21.86,28.6052,7.4446,20.2924
18.24582,42.57885,10/10/2024,10,0,26.9,0,28,100.8,32,91.7324,8.8849,20.546,881.7708,8.8483,175.3493
20.71733,39.82553,22-05-2025,5,0,38.7,0,24.7,88.92,70,86.8682,9.1434,24.37,241.7212,9.436,86.6372
21.12656,40.18609,1/7/2020,7,0,31.7,0,15.1,54.36,23,94.3923,11.9315,24.41,123.2284,11.8362,62.477
18.64068,42.72343,8/5/2025,5,0,30.1,0,19.1,68.76,57,87.7415,9.532,22.822,99.1371,9.5116,50.7405
19.29049,41.74291,5/5/2025,5,0,31.6,0.7,11.3,40.68,84,84.0174,7.3774,23.092,14.3258,8.2031,12.4763
16.73736,43.04981,26-04-2025,4,0,41.6,0,22.4,80.64,46,91.7238,11.59,23.442,318.8919,11.4895,108.0983
20.71476,39.82709,28-10-2023,10,0,32.1,0.1,30.6,110.16,90,81.8686,6.503,21.482,361.2609,7.4033,101.6695
19.31363,41.62279,16-01-2018,1,0,29,0,14.2,51.12,84,83.6269,6.5929,19.924,23.021,7.2162,17.1073
18.24763,42.57548,16-07-2023,7,0,28.6,0,21.3,76.68,59,87.1605,8.8598,23.852,135.9924,9.1877,60.9768
20.71668,39.82672,9/9/2019,9,0,40.7,0,32.6,117.36,52,90.4926,9.5721,24.03,1702.5734,9.592,253.8401
20.7159,39.82624,14-07-2023,7,0,40.2,0,23.5,84.6,63,88.431,9.5888,25.94,243.1089,9.9669,88.4252
20.71607,39.82605,30-05-2018,5,0,43.8,0,45.8,164.88,40,93.2539,13.0924,25.288,27586.4089,12.9693,1063.7781
18.97059,42.28896,10/4/2025,4,0,24.8,0,21.4,77.04,62,86.0406,8.386,20.418,118.1734,8.3736,54.2969
16.53463,43.22779,10/2/2018,2,0,31.8,0,18.9,68.04,91,81.3987,6.4206,20.428,40.9175,7.1909,25.8255
20.71626,39.82885,21-11-2017,11,0,31.8,0.1,33.4,120.24,87,83.0194,6.567,20.428,692.6522,7.2818,145.7331
19.61999,41.01917,28-11-2020,11,0,28.4,0.2,14.4,51.84,98,76.8895,6.0782,19.816,11.7717,6.8804,9.8955
16.73604,43.04887,9/12/2017,12,0,33.4,0,30.4,109.44,73,85.4164,7.0586,20.716,554.2364,7.6234,130.4783
18.27127,42.42774,28-04-2024,4,0,18.8,0.4,11.5,41.4,83,82.5867,6.8201,19.338,12.3414,7.2489,10.5132
16.71486,43.01836,2/5/2021,5,0,35.7,0.3,18.5,66.6,88,83.2452,7.1626,23.83,47.7825,8.1791,30.0137
20.71731,39.82595,8/6/2019,6,0,40.7,0.3,23.1,83.16,84,85.0477,7.7607,25.73,140.1029,8.8489,61.3507
18.56595,41.81861,30-06-2025,6,0,40.4,0,29.7,106.92,22,96.2814,14.5219,25.676,2253.5442,14.3561,329.1122
19.15823,41.61016,13-12-2017,12,0,31,0,16.7,60.12,84,83.9173,6.5837,20.284,37.6495,7.269,24.4619
19.16455,41.84634,16-09-2021,9,0,39,0,20.4,73.44,68,87.2962,8.2846,23.724,117.7648,8.8462,55.1436
20.71705,39.82777,20-04-2025,4,0,37.4,0,25.1,90.36,55,89.3765,10.2001,22.686,372.2124,10.1449,113.4886
19.28784,41.7431,18-03-2023,3,0,26.2,0.1,8.4,30.24,91,80.7784,6.4188,19.42,5.6756,7.0293,5.1305
19.2893,41.74362,22-02-2019,2,0,25.8,0.3,11.8,42.48,95,78.6385,6.1911,19.348,8.4703,6.8791,7.4341
20.71413,39.82503,22-12-2017,12,0,30.1,0,23.9,86.04,77,85.0477,6.8155,20.122,161.9845,7.381,63.3518
18.24871,42.57632,15-05-2020,5,0,26.8,0,16.4,59.04,63,86.1721,8.7177,22.228,48.6004,8.8036,31.1466
16.7384,43.05262,17-07-2019,7,0,37.6,0,18.2,65.52,68,87.0568,8.9085,25.472,76.3616,9.5057,43.0102
18.86434,42.81905,10/8/2021,8,0,33.6,0,32.2,115.92,42,91.0605,10.1549,24.052,1717.0668,10.1294,258.8624
16.44361,43.16428,18-02-2021,2,0,32.3,0.2,22.7,81.72,84,84.1089,6.7591,20.518,114.6973,7.4131,51.2975
17.42162,42.51842,13-06-2025,6,0,39.2,0,19.3,69.48,77,85.4504,8.4402,25.46,74.3458,9.2305,41.8577
17.00108,42.95193,21-06-2025,6,0,39.7,0,16.8,60.48,47,91.1836,11.6929,25.55,106.9396,11.6288,56.9407
19.29274,41.74571,3/2/2020,2,0,26.4,0.3,8,28.8,99,76.1236,6.0391,19.456,3.4974,6.8008,2.9317
19.28792,41.74395,13-04-2025,4,0,33.5,0,19.3,69.48,74,85.2211,8.1809,21.984,72.0214,8.4762,39.8476
20.3481,41.6077,29-07-2024,7,0,34.2,0,31.7,114.12,75,85.1208,8.0726,24.86,673.5213,8.9111,151.8172
20.15615,41.01523,3/5/2025,5,0,35.5,0.4,15.8,56.88,58,88.482,10.0469,23.794,60.5826,10.0214,37.7208
18.24674,42.57679,29-06-2023,6,0,32.3,0,21.6,77.76,48,89.6998,10.5724,24.218,206.63,10.531,81.8316
17.47065,44.10764,13-01-2018,1,0,21.2,0,13.1,47.16,31,90.5864,7.8943,18.52,50.1954,7.8645,30.614
18.38869,42.72824,28-04-2020,4,0,26.3,0,19.2,69.12,87,82.2501,6.8635,20.688,47.8461,7.5036,29.1687
20.71506,39.82647,14-03-2018,3,0,34.8,0,20.6,74.16,50,89.7864,9.0598,20.968,174.5046,9.0235,70.4812
19.61694,41.02013,12/12/2017,12,0,30.9,0,14.5,52.2,84,83.9062,6.5818,20.266,25.2227,7.265,18.3505
19.52977,41.06902,5/12/2017,12,0,33.6,0,27.5,99,89,82.5192,6.4338,20.752,222.9589,7.249,76.3135
19.28855,41.74176,24-05-2025,5,0,40.2,0,18,64.8,60,88.9557,10.3492,24.64,96.6498,10.3261,51.3435
18.99443,42.09636,9/8/2019,8,0,23.7,0,12.1,43.56,99,75.7638,6.0512,22.27,7.192,7.2068,6.5321
20.71922,39.82578,5/8/2019,8,0,40.8,0,36.6,131.76,51,90.6921,10.2385,25.348,3619.1831,10.2339,379.0984
18.24622,42.5774,13-05-2025,5,0,28.2,0,15.4,55.44,52,88.2263,9.7026,22.48,54.313,9.6667,34.6652
17.22754,42.8857,30-09-2023,9,0,39.2,1.1,22.3,80.28,65,87.8944,8.5112,23.76,181.0698,8.9802,71.9452
18.24531,42.57784,14-11-2017,11,0,22.9,0,19.2,69.12,53,87.1826,7.4955,18.826,93.2052,7.5129,45.203
19.28708,41.74442,17-08-2024,8,0,33.2,0.1,21.3,76.68,87,83.2413,6.9205,23.98,79.3678,8.0402,41.69
18.12799,42.79517,22-06-2025,6,0,29.5,0,22.5,81,50,88.8557,10.028,23.714,215.5219,10.0017,82.5092
16.95291,42.87195,29-06-2025,6,0,43.2,0,26.3,94.68,58,89.847,10.8983,26.18,495.0405,10.8794,135.9757
18.24632,42.5773,26-12-2017,12,0,19.6,0,21.2,76.32,68,85.0477,6.7528,18.232,99.2567,7.0124,46.0412
20.71448,39.82754,15-02-2019,2,0,24.2,0,33.5,120.6,88,81.5465,6.4313,19.06,588.3753,6.977,131.6489
18.24517,42.57749,10/3/2019,3,0,19,0.2,28.1,101.16,89,80.5303,6.3769,18.124,196.8619,6.7853,69.5119
19.88933,41.6747,18-06-2021,6,0,28.9,0,14.3,51.48,81,84.4508,7.5006,23.606,26.1678,8.3602,19.85
18.24451,42.57798,24-04-2019,4,0,24.8,0.1,18.1,65.16,80,84.0901,7.2558,20.418,49.6661,7.6846,30.158
18.17319,42.80172,17-05-2025,5,0,29.2,0,34.2,123.12,29,92.8051,11.6636,22.66,3158.7923,11.5442,366.1651
19.28791,41.74321,20-02-2018,2,0,31.6,0,18,64.8,92,80.8958,6.3716,20.392,32.811,7.1545,22.0777
17.51208,42.59064,2/6/2019,6,0,38.6,0,24,86.4,70,86.8507,9.1355,25.352,212.3652,9.6119,80.7765
16.86266,43.19355,16-02-2018,2,0,31.1,0,12.7,45.72,75,85.0477,7.1435,20.302,21.2377,7.6009,16.4182
20.71454,39.82549,8/8/2022,8,0,38,0,27.3,98.28,71,86.5584,8.3409,24.844,370.7337,9.0695,109.4589
18.24594,42.57608,28-07-2018,7,0,27.7,0.1,16.6,59.76,79,84.7662,7.4204,23.69,41.4564,8.3232,27.4133
18.57132,41.81556,24-04-2025,4,0,38.2,0,23.9,86.04,41,92.0497,11.6213,22.83,438.3815,11.5071,129.3306
19.29292,41.74453,23-11-2017,11,0,27.1,0,7.2,25.92,88,82.1044,6.4487,19.582,5.3297,7.0736,4.8273
17.68103,42.38947,2/9/2020,9,0,38.1,0,21.5,77.4,72,86.3646,7.9541,23.562,125.9567,8.6272,57.0174
20.71757,39.82592,1/5/2021,5,0,36,0.2,20.7,74.52,86,84.0252,7.3674,23.884,78.9092,8.3193,42.0028
18.20867,42.99874,25-01-2019,1,0,21.9,0,22.7,81.72,63,85.4339,7.0477,18.646,137.4445,7.2472,56.9872
19.03421,42.5168,20-12-2017,12,0,19.8,0,20.2,72.72,65,85.0477,6.8313,18.268,82.7899,7.0612,41.0912
20.71709,39.82526,11/7/2023,7,0,43.4,0,34.6,124.56,36,93.9548,12.6887,26.516,3987.4266,12.6031,421.4376
20.71383,39.82731,26-05-2025,5,0,42.9,0,24.1,86.76,45,92.1419,12.371,25.126,460.5369,12.2721,135.6275
19.29002,41.7416,25-12-2021,12,0,28.2,0.1,11.3,40.68,100,75.3477,6,19.78,6.0674,6.8246,5.4065
16.73514,43.04858,19-07-2023,7,0,41,0,22.1,79.56,62,88.7454,9.7572,26.084,197.2886,10.0841,78.5328
19.2879,41.74397,4/5/2025,5,0,30.8,0,16.5,59.4,74,85.0477,8.1835,22.948,42.3137,8.6528,28.1844
19.28764,41.74329,17-09-2022,9,0,36.6,0.2,11,39.6,85,84.4616,7.0068,23.292,14.4018,7.9983,12.4012
18.20831,42.99735,15-01-2018,1,0,21.9,0,18.1,65.16,58,86.2142,7.1892,18.646,66.5495,7.3213,36.0644
20.71708,39.82404,15-11-2017,11,0,34.7,0,21.7,78.12,94,80.2507,6.2848,20.95,59.8238,7.1827,33.4043
17.67514,42.39042,30-11-2017,11,0,30.5,0.3,15,54,94,79.7133,6.2514,20.194,16.7797,7.0481,13.3144
16.98576,43.22004,27-12-2017,12,0,21,0,13,46.8,82,83.0935,6.4521,18.484,17.2772,6.8908,13.5061
19.28996,41.74492,17-07-2023,7,0,38.8,0,23.2,83.52,52,90.147,10.498,25.688,294.496,10.4878,100.366
19.28853,41.74421,26-08-2021,8,0,38.5,0,10.7,38.52,81,85.0477,7.5533,24.934,14.7755,8.5963,13.0319
18.24638,42.57742,26-05-2018,5,0,29,0,19.3,69.48,33,91.8552,11.3093,22.624,185.1422,11.2038,78.2698
16.73601,43.04971,11/4/2023,4,0,37.6,0.2,18.7,67.32,70,86.675,8.8146,22.722,79.1966,8.9496,43.1361
20.71661,39.82412,6/5/2025,5,0,36.8,0,29,104.4,71,86.3645,8.8936,24.028,491.0076,9.2385,128.8758
20.71557,39.82786,26-06-2025,6,0,43.9,0,29.9,107.64,22,96.8898,15.2406,26.306,2535.8365,15.0628,354.3244
20.71599,39.82364,17-06-2025,6,0,43.2,0,43.6,156.96,28,95.5309,14.3971,26.18,25338.7914,14.2446,1049.1487
20.717,39.82659,22-08-2024,8,0,37,0,28.5,102.6,83,85.0477,7.3372,24.664,373.1419,8.4156,107.458
21.06059,40.39172,25-03-2018,3,0,24,0,14.8,53.28,48,88.146,8.2248,19.024,48.1541,8.1884,30.183
19.44907,41.61531,12/3/2023,3,0,23,4.4,20.9,75.24,96,77.5948,6.1643,18.844,40.387,6.7821,25.0914
19.29003,41.74406,2/6/2024,6,0,39.6,0,17.2,61.92,68,87.3872,9.4288,25.532,66.7657,9.8051,39.8735
17.35538,43.28365,29-04-2025,4,0,24.6,0,18.3,65.88,80,84.0606,7.2461,20.382,51.2984,7.6728,30.8068
19.28889,41.74202,2/4/2024,4,0,27.4,0,13.9,50.04,91,80.8402,6.6218,20.886,15.4992,7.3879,12.737
16.7347,43.05282,2/11/2023,11,0,34.2,0,15.1,54.36,82,84.9949,6.8424,20.86,32.5861,7.519,22.3568
20.71787,39.82444,14-12-2017,12,0,30.5,0,17.4,62.64,94,79.6958,6.2155,20.194,25.8875,7.0252,18.4801
20.71434,39.82657,10/3/2018,3,0,34,0,24.3,87.48,72,85.7093,7.6753,20.824,190.9126,7.9891,71.6267
20.58367,40.9281,27-11-2017,11,0,16.1,0,17.4,62.64,95,77.6728,6.114,17.602,21.5386,6.5448,15.7035
16.73724,43.05121,3/6/2018,6,0,38,0,22.3,80.28,61,88.4128,10.0145,25.244,195.0408,10.0559,77.9334
16.73756,43.05149,6/8/2022,8,0,32.1,1.1,15.6,56.16,90,81.9013,6.6854,23.782,23.8665,7.8523,18.1286
18.57073,41.81888,29-06-2024,6,0,39.3,0,37.3,134.28,43,91.8911,12.0625,25.478,4873.0071,11.9822,458.6195
20.71662,39.82792,9/5/2025,5,0,38.6,0,22.8,82.08,50,90.4679,11.2258,24.352,286.7479,11.1585,100.8015
20.7159,39.82609,25-10-2024,10,0,35.7,0,21.6,77.76,80,85.0477,7.1152,22.13,106.7267,7.8891,50.0031
20.71617,39.8257,23-06-2025,6,0,43.3,0,33.9,122.04,23,96.5803,15.0005,26.198,5026.0499,14.8285,494.6291
18.24495,42.57907,25-05-2020,5,0,25.4,0,20.9,75.24,95,78.4633,6.3488,21.976,43.4511,7.3727,27.1483
19.31151,41.62114,25-08-2024,8,0,30.5,0.1,14.4,51.84,93,80.2607,6.4567,23.494,15.9302,7.6544,13.1981
16.74258,43.29831,11/3/2018,3,0,33,0,14.4,51.84,55,88.552,8.6157,20.644,47.4696,8.5958,30.4013
19.71303,42.08788,12/9/2024,9,0,32.9,0,37.9,136.44,34,92.4791,9.9951,22.626,5903.5809,9.9483,479.0169
21.11934,40.1705,9/2/2018,2,0,22.3,0.1,11.5,41.4,69,85.0477,7.0304,18.718,17.0831,7.2516,13.6506
19.0248,42.13469,4/2/2018,2,0,12,0,18.3,65.88,81,82.245,6.3536,16.864,40.6136,6.5437,24.8903
19.29042,41.74456,11/11/2017,11,0,33.1,0,16.8,60.48,74,85.159,7.1789,20.662,45.3706,7.6837,28.3606
17.21208,42.91643,16-07-2018,7,0,40,0,28.9,104.04,42,92.1932,11.5985,25.904,1108.0711,11.5449,213.8518
20.40533,40.44965,15-04-2025,4,0,39,0,22.2,79.92,39,92.5687,11.9301,22.974,346.5019,11.8064,114.2856
19.28922,41.7459,23-09-2021,9,0,37.8,0,18.8,67.68,61,88.3673,8.701,23.508,102.6951,9.0385,51.0023
20.71756,39.82608,16-04-2025,4,0,34.3,0,27.7,99.72,66,86.9036,8.9179,22.128,418.6423,8.9144,116.6396
18.34826,42.72916,20-06-2025,6,0,32.6,0,29.7,106.92,61,87.5153,9.4601,24.272,656.5737,9.5828,152.8973
20.71622,39.82626,4/4/2025,4,0,36.5,0,27.1,97.56,76,85.2591,8.1877,22.524,298.0216,8.579,95.0239
19.29185,41.74277,13-12-2024,12,0,30.4,0,16.5,59.4,87,82.8376,6.4654,20.176,31.5517,7.1793,21.4956
20.7185,39.82528,1/8/2024,8,0,34.9,0.2,24.9,89.64,86,83.8533,7.0405,24.286,165.2293,8.1641,66.1137
20.44983,41.05316,20-07-2020,7,0,24.3,0,11.2,40.32,59,86.3843,8.4458,23.078,19.4969,8.821,16.302
16.73512,43.05256,17-07-2018,7,0,39.8,0,39.6,142.56,56,89.6305,10.2265,25.868,5357.6147,10.2865,460.8761
16.73675,43.05062,1/8/2019,8,0,37.9,0,22,79.2,61,88.3949,9.14,24.826,184.2363,9.5188,74.0392
18.99896,42.09494,1/11/2017,11,0,18.9,0,14.4,51.84,89,80.685,6.2917,18.106,16.6806,6.7336,13.0241
20.71755,39.8266,31-07-2019,7,0,42.1,0,36.7,132.12,32,94.5193,12.8991,26.282,6309.8874,12.8014,529.8082
17.3876,43.22969,1/5/2025,5,0,30.1,0,17.9,64.44,71,85.2891,8.382,22.822,56.3962,8.7395,34.3083
19.2883,41.74578,28-04-2025,4,0,37,0,18.6,66.96,54,89.4605,10.2489,22.614,115.8621,10.1899,57.1899
19.28992,41.74225,25-06-2018,6,0,39.7,0,20.4,73.44,50,90.6552,11.3706,25.55,190.566,11.3199,79.8844
17.78572,43.716,13-07-2018,7,0,30.8,0,38,136.8,60,87.4023,8.9968,24.248,2911.8583,9.3348,331.5681
18.56674,41.82182,27-09-2019,9,0,39,0,18.6,66.96,74,86.0878,7.8562,23.724,71.5832,8.596,39.8774
19.28957,41.74174,3/8/2020,8,0,30.6,0,14.9,53.64,92,80.7769,6.5235,23.512,18.4511,7.7036,14.8301
18.24576,42.57947,7/2/2022,2,0,17.8,0,23.9,86.04,97,76.4432,6.0805,17.908,63.9208,6.5776,33.933
18.06159,43.06744,23-02-2018,2,0,21.7,0,20.6,74.16,59,86.0362,7.3279,18.61,102.1468,7.3855,47.6449
20.71707,39.82652,11/7/2019,7,0,39.9,0,29.4,105.84,42,92.1761,11.5849,25.886,1210.3519,11.5315,223.9407
16.73868,43.05072,7/11/2017,11,0,35.4,0,28,100.8,77,85.0477,7.113,21.076,340.7867,7.7159,99.4971
20.71547,39.82603,15-12-2017,12,0,29.8,0.1,25.1,90.36,83,84.0247,6.597,20.068,175.2843,7.2421,66.0736
20.7132,39.82541,19-11-2017,11,0,33.1,0,31.2,112.32,75,85.0477,7.1336,20.662,608.9582,7.6576,137.6377
19.29129,41.74326,18-07-2018,7,0,37.3,0,21.4,77.04,49,90.4125,10.5994,25.418,220.6808,10.5797,85.1724
20.71496,39.82486,26-10-2023,10,0,36.1,0,18.5,66.6,78,85.0477,7.24,22.202,60.82,7.9769,34.9628
19.22638,42.54009,11/4/2025,4,0,32.2,0,30.4,109.44,69,86.0092,8.5026,21.75,602.0804,8.6002,141.3157
20.4775,40.46112,28-01-2018,1,0,29.8,0,19.8,71.28,57,87.6943,7.6358,20.068,111.8022,7.8266,51.3478
19.29076,41.74413,23-12-2024,12,0,27.9,1.2,12.8,46.08,94,79.4189,6.1977,19.726,10.9318,6.9424,9.3301
19.28864,41.74256,29-02-2020,2,0,31.5,0,15.7,56.52,87,82.9996,6.602,20.374,27.8586,7.2946,19.7626
20.71506,39.82625,31-05-2025,5,0,40,0,32.1,115.56,31,94.3435,13.466,24.604,2673.5608,13.3165,350.845
17.50583,43.06208,27-12-2023,12,0,20.6,0,9,32.4,78,84.0034,6.5425,18.412,9.4213,6.9293,8.1983
19.88929,41.67734,5/7/2019,7,0,28.6,0,15.3,55.08,75,85.0477,7.7438,23.852,34.0362,8.5489,24.1394
19.29132,41.7456,9/7/2021,7,0,37.7,0,22.1,79.56,47,90.8466,10.8296,25.49,266.5864,10.801,95.6716
20.35654,41.20555,3/6/2025,6,0,31.1,0,22.6,81.36,61,87.2436,9.3061,24.002,174.2117,9.4512,71.4493
20.71603,39.82621,10/3/2023,3,0,32.9,0,29.4,105.84,57,88.2618,8.4921,20.626,691.9527,8.4786,151.9102
18.2454,42.57639,13-06-2019,6,0,31,0,21,75.6,60,87.3925,9.3803,23.984,133.1226,9.4858,60.814
21.11964,40.18897,20-07-2019,7,0,31.4,0,12.2,43.92,35,91.827,10.9613,24.356,50.8638,10.9055,34.6663
16.73785,43.05015,28-05-2019,5,0,39.8,0,24.4,87.84,66,87.8145,9.661,24.568,262.0136,9.7434,91.7001
18.24446,42.57705,25-03-2023,3,0,20.3,0,20.2,72.72,79,83.6839,6.766,18.358,68.8783,7.0428,36.4299
21.2034,40.44316,5/11/2017,11,0,25,0,21.6,77.76,80,84.113,6.6921,19.204,94.0002,7.1528,44.7519
20.71492,39.82811,14-09-2022,9,0,38.8,0,33.7,121.32,73,86.2836,7.918,23.688,1138.6917,8.6269,199.6185
19.23715,42.0509,22-04-2024,4,0,20.9,0,11.9,42.84,89,80.9386,6.5867,19.716,10.9028,7.1782,9.4388
16.78381,43.20264,16-06-2025,6,0,39.5,0,13.8,49.68,64,89.783,14.8076,33.218,50.8006,14.7552,38.8089
20.71713,39.82618,11/1/2018,1,0,30.3,0,21.3,76.68,88,82.4398,6.4639,20.158,71.693,7.1755,37.6213
18.21554,43.09236,14-05-2025,5,0,27.9,0,22.8,82.08,56,87.5554,9.3593,22.426,188.8728,9.3393,74.6896
16.69895,43.07985,5/2/2024,2,0,31.4,0,20.2,72.72,84,83.9734,6.7387,20.356,71.5715,7.3743,37.9113
18.9912,42.34723,20-02-2025,2,0,18.9,0,38.3,137.88,94,78.1583,6.1705,18.106,993.7618,6.6636,173.2347
18.2455,42.57518,30-12-2017,12,0,21.1,0,17.1,61.56,76,84.4538,6.6055,18.502,43.5047,6.9806,26.6744
18.2431,42.5762,6/7/2022,7,0,29.1,0,17.2,61.92,33,91.8485,10.7521,23.942,126.3699,10.6973,61.3003
20.7174,39.82665,21-07-2020,7,0,42.1,0,29.3,105.48,61,89.1233,9.9569,26.282,768.9471,10.2273,169.8005
18.24467,42.57543,21-07-2024,7,0,30,0,20.1,72.36,64,86.5332,8.6294,24.104,100.0637,9.1075,50.307
20.71666,39.82371,26-11-2017,11,0,30.8,1.5,20.2,72.72,82,84.4655,6.7613,20.248,76.4621,7.37,39.5679
20.71648,39.82579,7/8/2019,8,0,35.6,0,28.6,102.96,86,83.9603,7.0607,24.412,327.9106,8.1955,99.0434
19.63244,41.45579,7/2/2018,2,0,28.3,0,16.2,58.32,100,75.2554,6,19.798,14.68,6.8273,11.8264
19.2893,41.74362,15-03-2019,3,0,32.1,0,20.6,74.16,95,78.6841,6.474,24.83,41.9741,7.8386,27.0743
18.24632,42.5773,10/6/2018,6,0,29.2,0,23.7,85.32,45,89.6892,11.1401,26.892,301.9822,11.1235,103.7245
16.73471,43.0533,14-04-2025,4,0,36,0.1,18.4,66.24,71,86.2178,8.6083,22.434,70.3072,8.7872,39.7088
17.20154,42.88968,29-12-2017,12,0,31,0,17.1,61.56,93,80.3085,6.2553,20.284,26.1306,7.0643,18.6445
16.74022,43.04745,20-11-2017,11,0,32.8,0,23.5,84.6,73,85.3192,7.2135,20.608,156.4012,7.6941,62.8014
18.28003,42.67603,4/4/2019,4,0,21.7,0,31.8,114.48,95,77.9506,6.2764,19.86,300.314,7.0124,90.0107
17.3438,44.10974,18-04-2020,4,0,30.6,0,22,79.2,68,85.9263,8.4592,21.462,129.6653,8.5216,57.8161
20.71613,39.8257,30-12-2024,12,0,28.5,0,26.6,95.76,59,87.1645,7.3791,19.834,355.886,7.6463,101.7334
19.28989,41.74508,7/12/2017,12,0,29.3,0,16.5,59.4,92,80.5942,6.2764,19.978,24.1722,7.0307,17.5725
18.56939,41.81528,16-11-2018,11,0,31.4,0.5,18.7,67.32,82,84.5587,6.7756,20.356,58.9877,7.3964,33.4128
16.97095,43.75378,22-04-2025,4,0,30.3,0,20.8,74.88,51,88.8136,9.7301,21.408,157.3746,9.6699,67.721
20.71785,39.82678,1/7/2018,7,0,39.2,0,34,122.4,73,86.3487,8.5555,25.76,1213.4801,9.3487,211.1184
19.2899,41.74524,9/5/2022,5,0,35.6,0,16.3,58.68,64,87.447,9.4783,23.812,57.1948,9.5015,35.6502
19.29095,41.74336,18-05-2025,5,0,38.4,0,24.1,86.76,59,88.8407,10.2636,24.316,287.4809,10.2382,98.2439
17.78722,43.71196,28-06-2024,6,0,32.7,0,41.7,150.12,64,87.0178,9.2034,24.29,5393.3443,9.4528,452.1675
20.71658,39.82833,10/1/2018,1,0,30.3,0,19.6,70.56,83,84.1057,6.6572,20.158,65.334,7.293,35.5851
20.71351,39.82612,7/3/2018,3,0,34.4,0,26,93.6,79,85.0477,7.2708,20.896,237.0921,7.7767,80.783
20.71647,39.82711,6/8/2019,8,0,37,0,28.4,102.24,67,87.1669,8.5956,24.664,493.4811,9.1869,129.0242
16.95652,42.84836,13-07-2024,7,0,41.3,0,27.7,99.72,64,88.4412,9.5848,26.138,521.5787,10.0011,136.442
18.6396,42.72247,27-04-2023,4,0,27.4,0,31.7,114.12,88,82,6.8291,20.886,448.0951,7.5151,115.3816
20.71602,39.82597,28-07-2021,7,0,39.1,0,23,82.8,86,84.508,7.3218,25.742,127.8027,8.5581,57.3825
20.71492,39.82736,27-05-2025,5,0,43.8,0,28.9,104.04,40,93.2477,13.0924,25.288,1284.969,12.9693,239.2831
19.28858,41.74536,27-07-2022,7,0,37,0,19.2,69.12,58,88.7605,9.7582,25.364,116.8351,9.9481,57.0267
18.14693,42.86924,7/2/2024,2,0,19.4,0,26.9,96.84,100,74.2965,6,18.196,97.1577,6.5777,44.5388
17.6755,42.38902,31-12-2017,12,0,30.2,0,20.1,72.36,85,83.4789,6.5335,20.14,65.8446,7.2153,35.644
20.41793,41.31108,21-03-2024,3,0,22.4,0,21.9,78.84,99,75.4257,6.0401,18.736,41.6943,6.6891,25.5351
20.71557,39.82511,20-01-2018,1,0,29.4,0,28.2,101.52,61,86.9771,7.4644,19.996,463.2108,7.7222,118.4582
16.97095,43.75378,19-04-2025,4,0,29.1,0,16.6,59.76,68,87.3491,12.0729,27.6,59.5548,12.0303,39.8404
19.28879,41.74254,17-01-2018,1,0,28.2,0,15.5,55.8,98,76.8513,6.0721,19.78,14.3318,6.871,11.6286
20.4137,41.31484,25-12-2017,12,0,23,0,20,72,55,86.8813,7.2324,18.844,103.2385,7.3819,47.9579
17.4214,42.52521,26-07-2024,7,0,40.6,0,42.5,153,72,86.7896,8.7422,26.012,6036.6534,9.5013,478.4605
18.24755,42.57752,9/1/2018,1,0,15.8,0,22.7,81.72,66,85.0477,6.7074,17.548,130.2969,6.8598,54.234
20.71642,39.82633,12/1/2018,1,0,29.7,0,19,68.4,86,83.0775,6.5309,20.05,51.2008,7.1992,30.1184
18.24415,42.57603,6/7/2018,7,0,27.6,0,26.7,96.12,65,85.99,8.3591,23.672,306.8898,8.8794,97.6435
19.28907,41.74493,17-07-2021,7,0,35,0,19.5,70.2,47,90.3513,10.4935,25.004,154.9816,10.4708,68.8607
20.71661,39.82412,24-02-2018,2,0,33.7,0,27.5,99,92,81.1781,9.289,29.798,189.831,10.441,77.6293
18.24673,42.57813,22-11-2017,11,0,19.4,0,20.3,73.08,92,79.3955,6.2174,18.196,42.5172,6.7062,25.9056
19.29133,41.74383,27-10-2023,10,0,32.7,0,13.5,48.6,83,84.4774,6.8706,21.59,22.7145,7.6528,17.3092
19.28826,41.74275,11/2/2020,2,0,23.8,0.5,6.5,23.4,87,82.0753,6.4598,18.988,4.6776,6.9816,4.1775
18.24508,42.57928,24-06-2025,6,0,29.1,0,19.8,71.28,65,86.2131,8.7827,23.642,90.575,9.1073,47.2527
20.71514,39.82709,9/4/2025,4,0,36.7,0,22.6,81.36,62,88.0142,9.4823,22.56,194.5068,9.4589,76.3089
19.28931,41.74411,4/9/2018,9,0,37.4,0,16.6,59.76,59,88.6419,8.8103,23.436,71.6705,9.0836,40.6593
21.13063,40.18307,3/12/2018,12,0,20.8,0,9.8,35.28,91,80.1862,6.224,18.448,6.8609,6.7525,6.0632
18.24522,42.57583,9/10/2019,10,0,23.5,0,32.7,117.72,55,87.0205,7.6773,19.934,1054.3416,7.8227,186.5555
19.02175,42.09023,25-05-2025,5,0,29.2,0,16.8,60.48,36,91.2818,11.1053,22.66,108.4453,11.0091,56.3617
18.24551,42.57652,20-06-2020,6,0,29.6,0,14.3,51.48,45,89.6729,10.4452,23.732,54.7528,10.4,35.7712
20.71446,39.8262,21-05-2025,5,0,38.3,0,22,79.2,86,84.3827,7.4522,24.298,104.8076,8.436,50.5087
20.71601,39.82669,20-10-2023,10,0,37.6,0,25.1,90.36,67,87.2614,7.9351,22.472,274.876,8.4291,90.2065
16.96181,43.22078,5/4/2025,4,0,28.6,0,15.6,56.16,68,87.3281,11.0664,27.17,49.5262,11.0578,34.2342
19.28761,41.74334,8/3/2018,3,0,32.8,0,19.4,69.84,79,85.0477,7.2135,20.608,71.6062,7.6941,38.4492
20.3481,41.6077,18-08-2018,8,0,34.8,0,32.2,115.92,36,92.4166,12.8159,34.128,2080.821,13.2204,308.4383
18.58597,42.34356,18-09-2023,9,0,25.5,0,15.3,55.08,44,89.1043,8.652,21.294,60.5002,8.6447,35.8016
18.38512,42.60804,12/1/2022,1,0,22.9,0,13,46.8,84,82.7941,6.4727,18.826,16.6299,6.9616,13.1586
20.7151,39.82542,7/6/2023,6,0,42.8,0,34.5,124.2,58,89.7845,10.8541,26.108,2171.5366,10.8358,297.6436
17.37274,42.56647,28-05-2025,5,0,39.7,0,23.4,84.24,94,80.9732,6.6445,24.55,88.1515,7.926,44.3801
19.71367,42.08602,12/8/2020,8,0,30.7,0,26.2,94.32,53,88.5652,9.0855,23.53,404.4583,9.2459,115.6428
19.28807,41.74446,23-08-2024,8,0,29.9,0.7,20.6,74.16,93,80.1432,6.448,23.386,48.447,7.6339,29.5887
19.71274,42.08725,18-04-2025,4,0,26.1,0,24.9,89.64,74,85.0477,7.7145,20.652,194.2031,7.9783,72.3312
18.24474,42.57673,7/6/2019,6,0,27.1,0,16,57.6,69,85.1993,8.3015,23.282,39.4608,8.7781,27.006
16.97095,43.75378,24-05-2020,5,0,29.1,0,21.2,76.32,68,87.3037,14.6171,35.242,136.3036,14.5996,71.4301
20.71635,39.8256,22-11-2019,11,0,31.7,0.3,23.2,83.52,90,81.8219,6.4349,20.41,93.8422,7.197,44.7902
20.71448,39.82618,31-07-2023,7,0,42.2,0,27.5,99,81,85.0477,7.9322,26.3,311.237,9.0446,98.9834
17.36192,42.56684,1/1/2018,1,0,30,0,19.8,71.28,83,84.06,6.6509,20.104,67.3357,7.2804,36.2777
20.71664,39.82586,29-09-2023,9,0,39.8,0,21.6,77.76,89,83.466,6.801,23.868,86.2907,7.9434,43.8114
18.24336,42.57509,25-11-2017,11,0,19.5,0,21,75.6,98,75.9511,6.0546,18.214,36.5686,6.6133,23.2064
20.7154,39.82643,15-07-2019,7,0,38.9,0,29.2,105.12,93,81.4142,6.6576,25.706,265.5563,8.0822,87.316
17.39508,42.46526,22-07-2022,7,0,36.2,0,25.8,92.88,81,85.0477,7.6644,25.22,228.6444,8.7108,81.8231
18.24533,42.57877,10/5/2018,5,0,26.3,4.4,18.8,67.68,56,87.2607,9.1739,22.138,87.6525,9.1573,46.3675
19.29036,41.74397,12/6/2018,6,0,40.9,0,17.8,64.08,68,87.6072,9.5383,25.766,76.8202,9.9075,43.7923
18.2455,42.57883,23-07-2021,7,0,22.8,0,31.4,113.04,78,84.2496,7.2349,22.808,566.4506,8.07,134.1881
19.28804,41.74424,1/3/2018,3,0,25.2,2.2,7.6,27.36,95,78.6993,6.2242,19.24,3.9756,6.8823,3.451
19.28968,41.74674,1/8/2020,8,0,28.1,0.5,13.9,50.04,93,79.9628,6.422,23.062,14.1002,7.5724,11.9273
16.73669,43.05102,8/6/2025,6,0,39,0,19,68.4,65,87.8518,9.6949,25.424,98.9044,9.9266,51.3965
18.39289,42.71959,2/9/2023,9,0,31.4,0,19.4,69.84,48,89.524,9.0088,22.356,135.1823,9.0053,60.3646
18.24729,42.5788,4/11/2017,11,0,21.7,0,17.7,63.72,96,77.5226,6.1209,18.61,22.4725,6.7179,16.369
18.2461,42.5764,4/1/2018,1,0,16,0,23.3,83.88,95,77.5249,6.1053,17.584,62.0747,6.5366,33.2131
17.44052,42.74555,21-12-2017,12,0,29.8,0,17,61.2,69,85.6092,7.0886,20.068,50.0788,7.5287,30.118
19.28852,41.74553,19-12-2017,12,0,30.7,0,14.2,51.12,85,83.5653,6.5421,20.23,22.8357,7.235,17.0206
17.50892,44.22454,21-02-2023,2,0,28.4,0,20.8,74.88,37,90.9852,8.64,19.816,214.7839,8.5995,78.5565
18.24726,42.57645,24-07-2024,7,0,27.3,0,21.6,77.76,63,86.2724,8.4679,23.618,126.6045,8.9308,57.8349
19.29132,41.74513,16-11-2017,11,0,33,0,22.8,82.08,91,81.5598,6.4069,20.644,84.5978,7.2155,41.9509
19.2896,41.74416,24-02-2020,2,0,32.8,0,20.7,74.52,88,82.8074,6.5779,20.608,67.3357,7.317,36.3365
19.28992,41.74396,3/4/2025,4,0,35.4,0,19.4,69.84,64,87.4269,9.1856,22.326,100.0772,9.1723,50.4292
19.29013,41.74465,15-12-2021,12,0,30.3,0,14.6,52.56,88,82.462,6.4282,20.158,21.322,7.1535,16.099
17.59683,42.65779,2/1/2020,1,0,32.1,0.3,17.3,62.28,92,80.9679,6.327,20.482,29.1337,7.14,20.2588
19.29131,41.74396,25-05-2018,5,0,38.7,0,12.9,46.44,55,89.55,10.7151,24.37,41.7307,10.6703,30.1292
19.28999,41.74705,29-07-2021,7,0,36,0,19,68.4,64,87.5264,9.1367,25.184,94.4057,9.5823,49.332
20.71682,39.82671,9/8/2021,8,0,44.3,0,41.8,150.48,34,94.5123,12.1859,25.978,15899.7694,12.11,809.8461
19.28794,41.74458,15-02-2025,2,0,29,1.2,20.7,74.52,97,77.604,6.1283,19.924,38.9769,6.9287,24.6542
19.71026,42.08677,18-02-2019,2,0,16.6,0,48.5,174.6,96,76.6864,6.1006,17.692,5636.6379,6.5525,421.8608
16.97572,43.23106,10/5/2025,5,0,27.7,0.2,14.1,50.76,62,86.4685,8.8812,22.39,33.3894,8.9184,24.1877
18.01969,42.7356,30-10-2024,10,0,18.5,0.5,14.8,53.28,87,81.3339,6.3861,19.034,19.3033,6.946,14.7625
17.49764,44.18132,2/4/2025,4,0,31.5,0,16.5,59.4,37,91.5265,10.9791,21.624,106.3337,10.8664,55.4346
16.73975,43.05004,21-03-2018,3,0,34.1,0,23.8,85.68,72,85.7246,7.6801,20.842,174.7325,7.995,67.9408
20.71651,39.82687,25-07-2022,7,0,35.7,0,34.3,123.48,68,86.7712,8.7657,25.13,1360.336,9.3649,224.3094
20.71666,39.82706,5/3/2018,3,0,31.8,0,20.6,74.16,91,81.3933,6.5047,20.428,55.6632,7.2434,31.9239
20.71615,39.82708,14-01-2018,1,0,29.8,0,17.4,62.64,80,84.842,6.7608,20.068,48.431,7.3398,29.1927
18.24654,42.57738,14-02-2019,2,0,19.5,0,27.1,97.56,78,83.7775,6.6438,18.214,243.8072,6.9499,79.4786
18.24413,42.57682,17-10-2018,10,0,20.9,0,17,61.2,85,82.2123,6.5,19.466,31.9525,7.0853,21.5907
20.71348,39.82851,27-07-2018,7,0,42.8,0,36.9,132.84,77,86.0348,8.3713,26.408,1964.7232,9.3404,271.3384
19.28871,41.74513,9/7/2023,7,0,40.2,0,24.6,88.56,42,92.2217,11.6257,25.94,509.977,11.5717,140.8742
18.24327,42.57772,27-04-2025,4,0,26.9,0,16.5,59.4,50,88.3459,9.394,20.796,67.4551,9.3368,39.4656
19.29114,41.74456,9/8/2022,8,0,33.2,0,20.6,74.16,85,83.9312,7.0622,23.98,76.5262,8.1349,40.8795
19.28995,41.74381,2/1/2018,1,0,27.2,0,10.4,37.44,99,76.1005,6.0348,19.6,5.3973,6.82,4.8019
19.28819,41.74434,12/6/2025,6,0,41,0,22.5,81,51,90.7103,11.4309,25.784,281.1289,11.382,100.299
18.56824,41.81279,29-01-2018,1,0,28.5,0,21,75.6,82,84.1146,6.6559,19.834,84.325,7.2388,41.9067
16.73687,43.04946,11/6/2021,6,0,39.5,0,26.8,96.48,80,85.0477,8.1377,25.514,274.1216,9.0551,92.0314
18.57413,41.81482,14-07-2021,7,0,35.9,0,28.8,103.68,51,89.8305,10.2579,25.166,777.2654,10.249,170.8962
20.30971,41.69101,4/8/2022,8,0,32.6,3.5,20.1,72.36,81,85.0177,7.3219,23.872,80.9671,8.2884,42.65
19.89175,41.67114,3/1/2018,1,0,16.6,0.1,19.6,70.56,94,78.1839,6.1307,17.692,33.4963,6.5699,21.7567
18.24628,42.57763,11/5/2025,5,0,25.8,0,19.5,70.2,49,88.3497,9.6117,22.048,116.3059,9.5712,56.1454
19.29208,41.74467,18-03-2018,3,0,32.8,0,15.5,55.8,77,85.0477,7.3291,20.608,35.2938,7.7593,23.9176
20.58975,40.64624,30-10-2018,10,0,23.2,0,9.7,34.92,70,85.0477,7.1046,19.88,12.3242,7.5044,10.6508
20.7145,39.82393,26-07-2022,7,0,39.7,0,23.5,84.6,74,86.2081,8.4914,25.85,177.0921,9.3249,71.8451
20.71577,39.82664,31-01-2024,1,0,28.8,0,31.4,113.04,58,87.3131,7.9756,25.442,868.3067,8.9427,174.4239
17.36246,42.57244,10/11/2017,11,0,35.6,0,22.6,81.36,78,85.0477,7.0705,21.112,127.9546,7.6968,55.5433
16.73546,43.05118,30-04-2025,4,0,39.1,0,18.8,67.68,69,87.1171,9.0212,22.992,85.8766,9.1081,45.6877
20.71704,39.82492,6/11/2017,11,0,34,0,19.2,69.12,76,85.0477,7.1169,20.824,69.0549,7.6756,37.5212
19.28993,41.74452,3/2/2024,2,0,26.8,0,17.8,64.08,61,86.5109,7.5456,19.528,65.7215,7.6761,36.3263
20.71914,39.82487,17-02-2019,2,0,29,0,27.2,97.92,48,89.1406,8.2234,19.924,526.6653,8.2087,129.4946
19.28977,41.74566,9/1/2021,1,0,26.1,0,12.4,44.64,93,79.748,6.2344,19.402,10.5069,6.9144,9.0043
20.71677,39.82598,24-03-2018,3,0,38,0,25.6,92.16,44,91.4588,9.7324,21.544,548.8119,9.6751,138.9561
18.01961,42.73029,27-07-2020,7,0,20.1,7,11.5,41.4,84,82.4719,8.8722,30.784,12.1657,10.3134,12.0604
20.7185,39.82588,4/2/2024,2,0,29,0,30.3,109.08,53,88.2854,8.0096,19.924,817.4324,8.0072,163.704
20.71682,39.82682,25-05-2022,5,0,41.7,0,30.3,109.08,43,92.3086,12.4226,24.91,1451.904,12.3176,251.0843
19.28856,41.74242,5/3/2022,3,0,32.6,0,17,61.2,78,85.0477,7.2638,20.572,46.3311,7.7162,28.8099
19.28999,41.74705,19-10-2018,10,0,29.7,0.5,10.9,39.24,89,82.0966,9.6501,31.234,10.4181,10.8893,10.8962
19.7142,42.08934,22-09-2024,9,0,28.8,0,24.6,88.56,74,85.0477,7.3841,21.888,183.9167,8.0114,70.105
20.71748,39.82858,1/2/2018,2,0,28.3,0.4,16.6,59.76,71,85.0477,7.2111,19.798,43.0883,7.5486,27.2103
16.86266,43.19355,13-08-2021,8,0,37.6,0,21.6,77.76,74,85.8686,9.2208,30.074,119.6185,10.4395,58.7954
16.73803,43.05151,8/2/2018,2,0,30.4,0,18.4,66.24,80,84.9347,6.8949,20.176,58.8061,7.4365,33.4039
20.71772,39.82148,29-06-2018,6,0,38.8,0,26.5,95.4,47,91.0531,11.5673,25.388,609.9121,11.5054,155.1188
16.736,43.05045,2/8/2024,8,0,30.6,0.3,20.3,73.08,91,81.2257,6.589,23.512,51.7019,7.749,31.0733
16.73653,43.05135,19-04-2018,4,0,34.4,0,22.7,81.72,76,85.0477,8.0655,22.146,130.2969,8.4434,57.8197
19.29101,41.7444,5/4/2019,4,0,33,2.6,16.1,57.96,79,85.0477,7.7361,21.894,39.3521,8.2152,26.3261
16.73772,43.05151,20-06-2018,6,0,39.9,0,28.2,101.52,77,85.5663,8.4826,25.586,379.6883,9.2765,111.7
16.73596,43.05148,11/12/2017,12,0,32.9,0,26.2,94.32,74,85.1305,7.0046,20.626,248.6737,7.5766,82.4428
21.12045,40.12787,7/8/2020,8,0,25,0.8,16.3,58.68,78,84.593,7.1854,22.504,38.3451,7.9916,25.6075
18.38896,42.7253,8/1/2018,1,0,18.7,0,17.4,62.64,69,85.0477,6.7556,18.07,49.8179,6.9838,29.2693
21.2034,40.44316,15-03-2020,3,0,22.7,0,17.4,62.64,42,88.9022,9.0451,22.994,86.0202,9.1207,45.7572
20.71737,39.82499,13-02-2018,2,0,35,0,40.1,144.36,57,88.6366,8.205,21.004,5086.3961,8.3022,424.8731
16.73702,43.05034,20-08-2023,8,0,41,0,18.7,67.32,63,88.556,9.2158,25.384,103.6173,9.662,52.4324
16.56227,42.95177,4/7/2023,7,0,38.4,0,19.1,68.76,82,85.0477,7.6698,25.616,67.8135,8.7728,38.768
17.39099,44.28212,7/5/2020,5,0,31.5,0,17.2,61.92,76,85.0477,8.0598,23.074,48.0429,8.6051,30.66
20.71467,39.82617,15-07-2018,7,0,41.9,0,29,104.4,48,91.4202,11.2514,26.246,1011.3465,11.2185,202.0484
16.85647,43.20528,1/12/2017,12,0,31.7,0.1,15.2,54.72,87,83.0302,6.4846,20.41,25.5428,7.228,18.4873
20.71514,39.82713,26-08-2024,8,0,38.6,0,19.9,71.64,74,86.0256,8.1309,24.952,89.8323,8.9614,46.7559
18.2474,42.57584,2/2/2018,2,0,15.5,0.1,21.4,77.04,87,80.926,6.3065,17.494,61.0035,6.6341,32.9853
20.00709,40.84281,10/8/2019,8,0,35.1,0.5,19.9,71.64,85,84.224,7.121,24.322,70.0918,8.2231,38.7583
20.71474,39.8267,18-06-2019,6,0,42.8,0,44.8,161.28,24,96.2889,14.7836,26.108,34908.0673,14.617,1222.2009
18.91201,42.47878,21-02-2018,2,0,25.2,0,28.5,102.6,86,82.4075,6.523,19.24,263.6152,7.0611,83.5893
19.28711,41.74348,11/2/2018,2,0,32.3,0,15.5,55.8,66,86.538,7.6131,20.518,43.4684,7.899,27.8057
17.20375,42.60007,19-06-2022,6,0,38,0,25.8,92.88,86,84.335,7.4411,25.244,207.4796,8.5682,76.8806
20.71673,39.82942,12/7/2023,7,0,41.7,0,43.4,156.24,25,95.8881,13.5389,26.21,25650.4363,13.4166,1038.2354
20.71685,39.82469,28-02-2018,2,0,32.8,0,21.6,77.76,84,84.1864,6.7705,20.608,94.9306,7.4346,45.5816
17.54952,43.2281,19-01-2018,1,0,17.6,0,17.3,62.28,94,78.315,6.1381,17.872,22.3214,6.605,16.1867
21.139,40.21325,31-07-2020,7,0,21.7,0,17.2,61.92,89,80.9465,6.589,22.61,28.5411,7.6237,20.4337
17.50813,42.58554,16-07-2021,7,0,38.9,0,40.4,145.44,67,87.4926,9.9588,30.234,4558.7881,10.9229,432.6686
18.24578,42.57595,3/8/2022,8,0,21.7,0.2,11.6,41.76,97,77.0498,6.1412,21.91,7.1673,7.2218,6.5173
18.24571,42.57695,15-02-2018,2,0,22.7,0,18.6,66.96,62,85.7064,7.2847,18.79,67.8578,7.3985,36.6526
16.38382,43.10143,28-12-2020,12,0,30.7,0,25.9,93.24,86,83.2137,6.5059,20.23,182.1768,7.2128,67.5456
18.24401,42.57657,5/2/2019,2,0,20.1,0.1,19.8,71.28,84,82.3838,6.4818,18.322,54.2355,6.8793,30.8464
19.21669,41.52374,10/12/2018,12,0,32.5,0,19.9,71.64,72,85.4687,7.0691,20.554,83.1059,7.6019,42.1687
19.28862,41.74602,14-10-2021,10,0,38.1,0,23.1,83.16,71,86.569,7.7225,22.562,173.3113,8.323,68.4472
20.7157,39.82807,12/7/2020,7,0,41,0,33.2,119.52,53,90.3663,10.6471,26.084,1864.3764,10.6375,273.8401
20.7174,39.82447,23-01-2018,1,0,30.8,0,23.5,84.6,95,79.1179,6.1964,20.248,73.9611,7.0211,38.1279
20.71613,39.8257,5/1/2018,1,0,28.2,0,32.4,116.64,73,86.1949,8.3531,24.614,888.2959,9.0381,177.1032
20.71677,39.82737,5/2/2018,2,0,30.3,0,18.9,68.04,89,82.0533,6.4906,20.158,44.2346,7.192,27.2535
20.71714,39.82797,5/8/2022,8,0,37.8,0,28.4,102.24,77,85.2338,7.8471,24.808,375.9642,8.7639,109.2141
16.73551,43.04829,17-04-2025,4,0,36.6,0,19.5,70.2,74,85.7056,8.3763,22.542,79.8824,8.6848,42.9416
18.71578,42.75441,18-01-2018,1,0,20.9,0,30,108,91,79.9144,6.2438,18.466,260.2903,6.7672,81.9728
21.20313,40.44302,30-04-2021,4,0,27.1,0.3,24.2,87.12,48,88.7872,9.555,20.832,290.5028,9.4906,96.5427
18.24681,42.57573,20-05-2025,5,0,26.7,0,20,72,59,86.8378,9.0007,22.21,102.6022,8.9946,50.892
19.29176,41.74336,9/7/2018,7,0,39.6,0,17.1,61.56,48,90.9855,10.9705,25.832,109.7796,10.9421,56.6695
20.71536,39.82231,4/3/2018,3,0,32.5,0,26.7,96.12,68,86.2396,7.8328,20.554,317.86,8.0225,96.682
18.24421,42.5759,25-05-2019,5,0,22,0.1,14.8,53.28,83,82.9431,7.0338,21.364,23.4918,7.7164,17.8018
20.71485,39.827,22-03-2018,3,0,34.6,0,17.3,62.28,70,86.1827,7.8256,20.932,57.3051,8.09,33.7716
17.1786,42.80537,18-03-2022,3,0,33.7,2.7,17.6,63.36,80,85.0477,7.1864,20.77,51.6585,7.7066,30.9982
20.30835,41.69142,28-12-2017,12,0,22.6,0,24.3,87.48,63,85.5421,6.9965,18.772,186.5137,7.2436,68.5938
21.20262,40.4428,3/7/2019,7,0,34.3,0,17.6,63.36,29,93.6558,11.9029,24.878,175.1281,11.8177,77.0905
19.28836,41.74253,28-12-2022,12,0,29.4,0,13.8,49.68,76,85.0477,6.8318,19.996,25.9279,7.3692,18.8229
16.73556,43.05125,29-11-2017,11,0,33.9,0,24.6,88.56,91,81.6877,6.4176,20.806,119.0527,7.2469,52.1381
20.71522,39.82894,26-07-2021,7,0,39.2,0,36.4,131.04,54,89.8804,10.3538,25.76,3107.5827,10.3515,352.3507
19.28837,41.74355,26-01-2018,1,0,29.9,0,18.5,66.6,96,78.4024,6.1527,20.086,27.9632,6.9687,19.4967
17.78572,43.716,6/2/2024,2,0,23,0,29,104.4,95,78.183,9.1679,28.092,184.2995,10.0975,75.4634
20.97542,40.92812,6/4/2025,4,0,22.8,0,22.8,82.08,68,85.0477,7.8541,20.058,132.6821,7.9378,57.345
19.88933,41.6747,17-02-2018,2,0,19.6,0,24.5,88.2,86,81.6529,7.9123,26.838,116.4306,9.1101,55.2812
18.26591,42.50828,23-06-2024,6,0,30,0.8,15.2,54.72,74,85.0477,8.1288,23.804,33.4244,8.7702,24.0573
16.73632,43.04871,10/8/2022,8,0,31.7,0.6,15.6,56.16,95,79.2789,6.3386,23.71,17.9203,7.5986,14.4243
21.20313,40.44302,1/9/2023,9,0,35,0,22.4,80.64,28,94.0614,14.1825,28.836,442.5452,14.0832,138.6462
17.78646,43.71373,23-07-2020,7,0,29,0,33.8,121.68,91,80.9661,6.6362,23.924,581.065,7.8374,134.9824
19.2906,41.74216,28-06-2018,6,0,39.2,0,14.2,51.12,53,90.0024,10.9865,25.46,56.3687,10.9505,37.145
20.7163,39.82541,29-12-2022,12,0,29.2,0.5,29,104.4,88,82.2647,6.4132,19.96,283.5946,7.1129,87.4149
17.44052,42.74555,6/8/2024,8,0,32.9,0.2,27.6,99.36,94,79.9882,7.5097,28.994,169.7061,9.1164,69.5383
20.71628,39.82631,21-08-2019,8,0,42.8,0,42,151.2,39,93.2681,11.5284,25.708,13873.3944,11.4741,748.9635
16.74258,43.29831,5/6/2025,6,0,36.9,0,14.6,52.56,62,88.6009,12.4173,30.69,49.57,12.4118,35.7569
20.71773,39.82666,4/6/2025,6,0,38.5,0,27.7,99.72,66,87.6018,9.5446,25.334,462.4767,9.8303,126.9718
21.12544,40.14082,29-03-2018,3,0,30,0,22.7,81.72,32,92.2979,11.3494,25.028,365.2008,11.2898,116.0677
19.71089,42.08939,2/3/2018,3,0,18.6,0,16.2,58.32,80,83.2503,6.6716,18.052,31.5035,6.9354,21.2143
21.11746,40.15492,22-01-2018,1,0,22.3,0,17,61.2,69,85.0477,6.893,18.718,46.3311,7.1778,28.1132
16.73709,43.04971,4/1/2023,1,0,31.2,0,22.2,79.92,83,84.2407,6.676,20.32,106.6209,7.3308,48.8351
20.71542,39.82893,12/5/2025,5,0,43.7,0,38.4,138.24,48,91.7405,12.133,25.27,5823.6858,12.0461,501.0669
20.35695,41.20956,9/6/2018,6,0,29.6,0.9,20.3,73.08,69,85.5842,8.5055,23.732,90.8078,8.9721,47.0948
20.71628,39.8268,25-01-2018,1,0,28.8,0,21.8,78.48,61,86.8572,7.4356,19.888,142.6145,7.6866,59.3485
19.29037,41.74619,11/6/2025,6,0,39.6,0,19.1,68.76,51,90.4539,11.2503,25.532,146.2641,11.2044,68.0182
18.2472,42.57857,11/7/2018,7,0,28.2,0,22.5,81,72,85.0477,7.9268,23.78,125.6543,8.6473,56.9754
18.01724,42.76013,28-05-2023,5,0,19.7,0,10.5,37.8,85,82.1538,6.8214,20.95,9.7568,7.5208,8.7539
20.71493,39.82573,12/11/2017,11,0,34.3,0,21.1,75.96,74,85.3459,7.2203,20.878,101.5708,7.7447,48.1894
16.7355,43.05077,2/12/2017,12,0,34.4,0,24,86.4,92,81.277,6.3227,20.896,101.7583,7.1994,47.1545
20.12757,41.28718,27-12-2019,12,0,14.9,0,16.6,59.76,100,74.5318,8.051,24.652,15.1767,8.8645,13.4773
17.45361,43.09927,19-12-2024,12,0,21.5,0,11.6,41.76,61,85.6552,7.0016,18.574,18.9241,7.2093,14.7436
20.71634,39.82669,19-02-2018,2,0,30.8,0,25.6,92.16,70,85.593,7.3594,20.248,237.7978,7.7116,80.7234
18.70543,42.07595,17-12-2017,12,0,28.5,0,8.3,29.88,72,85.0477,6.9418,19.834,9.5601,7.4047,8.5433
18.24529,42.5759,25-08-2022,8,0,26.1,0,19.8,71.28,75,85.0477,7.4038,22.702,76.9953,8.157,41.0774
20.71946,39.82549,23-12-2017,12,0,31.6,0,29,104.4,79,85.0477,6.7804,20.392,408.569,7.4052,109.0594
17.41759,42.5637,18-12-2017,12,0,29.9,0,17.6,63.36,86,83.1102,6.4932,20.086,39.8846,7.182,25.3607
19.29111,41.74264,17-03-2022,3,0,31.4,0,17.3,62.28,85,83.6626,6.831,20.356,40.5876,7.4293,25.969
19.29087,41.74284,11/6/2023,6,0,35.4,0,12.2,43.92,79,85.0477,8.0179,24.776,19.3961,8.8643,16.2698
19.28952,41.74349,4/12/2017,12,0,29.6,0,15.6,56.16,92,80.6398,6.2791,20.032,20.6342,7.0408,15.6121
21.12045,40.12787,19-07-2019,7,0,31.4,0,13.2,47.52,26,93.647,12.8337,31.86,78.7365,12.8303,48.7352
16.8548,43.19967,26-03-2018,3,0,33.2,0,17.6,63.36,66,86.6949,7.9879,20.68,65.0533,8.1275,36.7735
18.56547,41.82105,3/2/2018,2,0,25.7,0.1,11.3,40.68,90,81.0948,6.3807,19.33,9.9529,6.9917,8.6334
20.71644,39.82755,7/4/2025,4,0,35.7,0,22,79.2,81,85.0477,7.6951,22.38,114.7588,8.2761,53.1199
21.13071,40.19677,28-12-2024,12,0,18.4,0.2,15.2,54.72,100,74.5537,6,18.016,11.7862,6.5481,9.7098
20.71594,39.82635,18-07-2019,7,0,39.7,0,26,93.6,73,86.4245,9.7835,31.098,287.3555,10.9526,100.328
17.18767,42.94408,17-11-2017,11,0,35.2,0,24.5,88.2,77,85.0477,7.1069,21.04,180.6105,7.7063,68.5364
18.24413,42.57837,24-08-2022,8,0,27.3,0,24,86.4,69,85.2341,7.8176,22.918,169.2461,8.4388,67.7667
19.29007,41.73928,1/6/2019,6,0,37.1,0,20.3,73.08,70,86.597,9.017,25.082,104.7026,9.4978,52.4735
16.73719,43.05305,8/4/2025,4,0,36.8,0,21.5,77.4,74,85.7398,8.3889,22.578,115.3703,8.6982,54.1515
20.71626,39.82755,6/6/2025,6,0,42.2,0,33,118.8,70,87.4548,9.4198,26,1184.4373,9.8857,211.7498
19.29147,41.74257,9/6/2025,6,0,39.3,0,20.1,72.36,45,91.4911,11.8498,25.478,203.286,11.778,84.0644
19.21405,41.52428,9/11/2023,11,0,34.4,0,15.6,56.16,79,85.0477,6.9884,20.896,35.9399,7.6122,24.0614
16.7356,43.0512,3/11/2017,11,0,35.6,0,22.6,81.36,83,83.0047,6.97,25.838,97.4633,8.3254,48.0517
19.28803,41.7441,19-03-2018,3,0,33.8,0,15.4,55.44,83,84.6456,7.0113,20.788,32.8028,7.6078,22.5559
19.28922,41.7459,26-02-2018,2,0,32.7,0,20.1,72.36,94,80.0121,8.9891,29.098,43.6422,10.1439,30.4798
16.95652,42.84836,10/7/2018,7,0,40.9,0,33.8,121.68,56,89.8233,13.925,37.204,1923.2407,14.3874,303.8814
18.38678,42.72636,30-07-2020,7,0,26.1,4,16.7,60.12,96,77.9784,6.2555,23.402,19.452,7.4994,15.284
18.24726,42.57645,4/6/2020,6,0,27.1,0,24.5,88.2,65,86.3205,11.0663,31.9,215.7086,11.853,87.2088
18.01162,42.73275,24-10-2018,10,0,18.6,0.4,9.8,35.28,90,80.3912,6.2985,19.052,7.0128,6.8968,6.2513
19.28854,41.7426,1/8/2022,8,0,34.5,0.3,17.8,64.08,77,85.0477,7.6904,24.214,53.5671,8.5734,32.9369
17.48745,42.54852,10/12/2017,12,0,31.6,0,22.8,82.08,74,85.0477,6.9662,20.392,132.6821,7.5146,56.3825
17.55338,43.21481,19-08-2018,8,0,23.9,0.2,14.8,53.28,82,83.4654,6.929,22.306,25.1306,7.8004,18.7836
20.71879,39.8282,13-05-2023,5,0,38.2,0,19.3,69.48,59,88.7923,10.242,24.28,119.5186,10.2169,58.3432
20.71467,39.82617,4/8/2020,8,0,37.3,0,24.4,87.84,74,87.4714,13.3125,35.964,249.4656,13.8283,99.8385
20.44893,40.47237,29-07-2022,7,0,43.1,0,25.9,93.24,72,87.1914,8.9066,26.462,314.6528,9.6734,101.6617
20.71576,39.8236,3/12/2017,12,0,33.1,0,21.7,78.12,95,79.4346,6.1943,20.662,55.0212,7.0813,31.442
18.24787,42.57761,17-03-2018,3,0,20.3,0,20.6,74.16,92,79.4834,6.2918,18.358,45.286,6.777,27.1523
20.32574,40.89713,8/11/2017,11,0,33.3,0,15.4,55.44,93,80.7287,12.8896,31.518,20.0952,12.879,19.4472
20.58426,40.93208,17-03-2024,3,0,22.7,0,18.5,66.6,80,83.7883,6.8114,18.79,51.3023,7.1464,30.0851
16.73679,43.05194,19-06-2025,6,0,39.6,0,23.1,83.16,64,88.1467,9.8574,25.532,217.0578,10.0319,82.9329
20.71485,39.828,24-01-2018,1,0,30.1,0,22.6,81.36,50,88.9625,7.9205,20.122,222.8586,7.9841,78.5021
19.28893,41.74251,18-02-2018,2,0,30.2,0,17.7,63.72,82,84.3755,6.8003,20.14,47.9963,7.3751,29.0612
19.28889,41.74606,14-07-2019,7,0,41.1,0,22.3,80.28,45,91.8215,13.112,31.656,317.5256,13.0952,112.4844
18.24363,42.57877,24-05-2018,5,0,28.6,0,23,82.8,60,86.9985,9.1276,22.552,180.8969,9.1221,72.2587
18.0207,42.73056,7/1/2018,1,0,13.1,0.2,11.1,39.96,95,77.7724,6.0874,17.062,6.9246,6.435,5.9838
20.71709,39.82767,3/8/2018,8,0,40.9,0,31.6,113.76,75,86.1891,8.1677,25.366,767.6796,9.0501,163.7478
18.24358,42.57854,12/7/2019,7,0,27,0,24.8,89.28,54,87.7487,9.0357,23.564,279.0914,9.2266,93.5262
18.26401,42.58393,27-04-2020,4,0,24.1,0,19.7,70.92,87,81.9523,6.7942,20.292,50.521,7.3968,30.1182
16.92948,42.77795,12/2/2018,2,0,30.8,0,23.1,83.16,85,83.5645,6.6797,20.248,114.7451,7.3213,51.1136
20.97054,40.49318,15-06-2025,6,0,32.2,0,25.9,93.24,25,94.1605,12.5751,24.2,846.5514,12.4506,189.6478
19.28963,41.74466,13-03-2023,3,0,26.6,0.5,16.2,58.32,93,79.7561,6.3305,19.492,20.9512,6.9876,15.7496
19.28814,41.74212,7/6/2018,6,0,39.5,0,21.3,76.68,62,88.4875,10.0617,25.514,164.4361,10.1331,70.588
18.31064,42.59208,27-01-2018,1,0,20.4,0,25.9,93.24,95,77.8703,6.1323,18.376,102.2978,6.6864,46.2507
20.71721,39.82817,16-12-2017,12,0,31,0,23.4,84.24,68,85.9927,7.1673,20.284,168.72,7.6112,65.5367
16.73655,43.05077,28-06-2022,6,0,39.7,0,18.5,66.6,70,87.0211,9.2224,25.55,80.2232,9.6956,44.6865
17.54246,43.22699,20-07-2023,7,0,29.8,0,23.4,84.24,61,87.0292,8.8302,24.068,195.3622,9.2115,75.8725
20.71527,39.82649,20-07-2022,7,0,39.9,0,29.6,106.56,73,86.4598,8.5999,25.886,554.8846,9.3959,138.6019
17.00108,42.95193,20-03-2018,3,0,34.7,0,20.3,73.08,85,84.2127,12.6082,31.5,75.2523,12.6079,47.0659
18.2449,42.57867,15-03-2018,3,0,21.1,0.6,23.9,86.04,66,85.0477,7.2866,18.502,161.9845,7.3433,63.2545
20.71846,39.82833,19-07-2021,7,0,39.7,0,29.9,107.64,69,87.2352,8.9705,25.85,654.1428,9.6067,152.6985
20.71588,39.82701,14-02-2018,2,0,35.3,0,21.2,76.32,85,84.2544,6.7756,21.058,89.0966,7.5101,43.9187
16.73597,43.05209,15-07-2022,7,0,36.8,0.6,28.8,103.68,69,86.7556,8.7593,25.328,500.4687,9.3954,130.8996
16.69858,43.08252,9/11/2017,11,0,34.9,0,22.7,81.72,74,85.4407,7.2409,20.986,137.5738,7.7751,58.2593
19.28918,41.74142,2/6/2018,6,0,37.3,0,16.7,60.12,62,88.0947,9.8416,25.118,67.4725,9.9433,40.3421
19.63216,41.72846,21-06-2024,6,0,39.8,0,18.5,66.6,45,91.575,11.9222,25.568,153.8968,11.8492,71.4543
20.71654,39.82858,31-08-2021,8,0,39,0,19.9,71.64,98,78.1828,6.1656,25.024,35.3664,7.6308,23.8116
16.91074,43.15408,28-12-2021,12,0,29.5,0,12.6,45.36,87,82.7261,6.4521,20.014,15.3334,7.1454,12.4649
17.43601,43.22984,30-05-2024,5,0,32.2,0,18.5,66.6,50,91.0285,15.0439,28.762,142.3914,14.9146,73.8708
18.24715,42.5775,16-07-2019,7,0,28.4,0,21.2,76.32,56,87.6322,9.0484,23.816,142.852,9.2813,63.0352
20.71803,39.82352,23-08-2022,8,0,44.1,0,45.9,165.24,38,93.6921,11.7854,25.942,29860.5863,11.7249,1074.3748
20.71435,39.82673,26-07-2020,7,0,39.7,0,21.4,77.04,76,85.7624,8.2997,25.85,113.6552,9.2082,54.6535
21.20119,40.44353,31-01-2018,1,0,15.4,0,21.4,77.04,91,79.4417,6.1828,17.476,52.1437,6.5619,29.5809
19.25663,42.54206,25-07-2019,7,0,37.2,0,35.6,128.16,26,94.8809,12.6563,25.4,5431.8779,12.5516,489.913
19.29107,41.74334,15-07-2020,7,0,40.9,0,21.6,77.76,39,92.9102,12.017,26.066,326.0313,11.9494,110.8446
18.34765,42.73217,22-04-2020,4,0,23.6,0,28.2,101.52,92,79.7925,6.479,20.202,185.4433,7.1918,68.2124
16.73781,43.25431,3/5/2024,5,0,36.4,0.2,13.4,48.24,87,83.7354,7.2834,23.956,20.1981,8.2762,16.3307
19.28918,41.7426,28-08-2023,8,0,39.6,0,18.8,67.68,75,85.9674,8.1006,25.132,72.9831,8.9717,40.9655
19.02736,42.12272,18-06-2025,6,0,29.4,0,28.6,102.96,38,91.0374,10.9784,23.696,890.7102,10.9088,187.2809
17.41538,42.51686,28-03-2018,3,0,35.3,0,19.9,71.64,64,87.4119,8.2337,21.058,109.3445,8.3274,51.6477
18.2446,42.57646,17-06-2019,6,0,29.9,0.1,27.2,97.92,57,87.7438,9.5093,23.786,431.0417,9.5119,120.8742
19.28764,41.74511,13-11-2017,11,0,32.7,0,14.3,51.48,92,81.065,6.3585,20.59,17.0933,7.1765,13.6025
17.35205,43.03843,8/7/2018,7,0,32.3,0,18.4,66.24,55,88.4601,9.5299,24.518,96.7871,9.6666,50.2557
19.28903,41.74249,5/7/2018,7,0,36.4,0,17.4,62.64,54,89.3485,10.0513,25.256,91.7115,10.0768,49.274
20.4129,41.31126,27-02-2018,2,0,21.5,0.5,21.2,76.32,93,79.1193,6.2247,18.574,48.7373,6.774,28.5478
20.7196,39.82356,5/5/2021,5,0,36.9,0,21.4,77.04,80,85.0477,8.0008,24.046,102.9239,8.7354,50.5065
19.29304,41.74143,27-06-2025,6,0,41.1,0,24.6,88.56,33,94.1278,13.4436,25.802,665.6911,13.3173,170.1975
19.29257,41.74259,24-12-2017,12,0,29.8,0,8.9,32.04,80,84.8463,6.7023,20.068,10.3687,7.3052,9.1102
20.7136,39.82575,18-11-2017,11,0,34,0,29,104.4,80,85.0477,6.9307,20.824,408.569,7.566,109.7223
17.78259,43.71479,20-05-2019,5,0,22.9,0,30.6,110.16,89,80.9978,6.695,21.526,326.3435,7.5329,96.3853
16.68054,43.09895,1/4/2025,4,0,36.6,0,19.7,70.92,71,86.318,8.6505,22.542,90.2722,8.8299,46.6715
20.71697,39.82755,1/6/2025,6,0,42,0,37.2,133.92,24,96.1467,14.6235,25.964,8626.6295,14.4596,637.0564
17.00133,43.22889,11/7/2024,7,0,29.8,0,10.5,37.8,53,88.2748,9.4108,24.068,22.485,9.5178,18.6734
18.24591,42.57723,6/12/2017,12,0,17.6,0,19.9,71.64,96,77.1394,6.085,17.872,32.5203,6.5741,21.3062
18.24406,42.57852,7/6/2025,6,0,30.2,0,16.9,60.84,63,86.7243,9.0489,23.84,57.5353,9.2861,35.5036
17.72541,43.51974,12/7/2022,7,0,22,0,26.1,93.96,86,81.9789,6.7595,22.664,161.8365,7.7445,64.2438
20.71553,39.82644,21-04-2025,4,0,37.3,0,22.6,81.36,49,90.4167,10.7478,22.668,274.5134,10.6674,96.9156
19.29031,41.74294,2/11/2017,11,0,32,0,15.6,56.16,84,84.0697,6.7021,20.464,31.4716,7.37,21.6557
16.73662,43.05066,2/8/2020,8,0,31,8.9,16.9,60.84,96,78.5519,6.2651,23.584,21.1984,7.5296,16.3375
19.58373,41.68538,7/7/2018,7,0,38.2,0,20.5,73.8,43,91.6643,11.261,25.58,224.0257,11.2155,87.5558
19.29062,41.7453,16-02-2023,2,0,29.1,0,20.2,72.72,70,85.3242,7.287,19.942,86.0123,7.6163,43.1339
16.80937,43.25808,30-03-2018,3,0,37.5,0,22.4,80.64,52,89.9166,9.1583,21.454,246.443,9.1277,86.7253
16.73671,43.0507,9/3/2018,3,0,34.1,0,25.3,91.08,76,85.0477,7.44,20.842,208.8186,7.8629,75.1913
16.73503,43.05075,3/3/2018,3,0,30.5,0.4,13.3,47.88,95,79.1482,6.2693,20.194,11.6594,7.0595,9.9196
19.28904,41.74561,27-03-2018,3,0,36.7,0,21.5,77.4,66,87.2888,8.1908,21.31,143.6217,8.3541,61.163
20.71611,39.82508,10/6/2025,6,0,43.2,0,28.9,104.04,37,93.7201,13.3475,26.18,1372.3975,13.2315,249.1154
17.60192,42.6679,8/12/2017,12,0,29.6,0,15.4,55.44,86,83.0734,6.4884,20.032,26.6337,7.1705,19.0082
18.24441,42.57733,23-05-2025,5,0,30.9,0,22.1,79.56,56,88.0659,9.7068,22.966,178.9629,9.6808,73.1625
18.90964,42.47947,27-10-2024,10,0,25.8,0.1,14.1,50.76,76,85.0477,6.9782,20.348,27.378,7.5141,19.7238
18.25057,42.42827,8/8/2018,8,0,22,0,14.7,52.92,84,82.6643,6.763,21.964,22.2691,7.6428,17.0472
20.96367,40.48217,1/7/2025,7,0,27.9,0,23.9,86.04,21,94.3658,16.8728,33.088,605.9116,16.7543,174.1535
20.05071,41.81031,12/8/2022,8,0,36.5,0,36,129.6,66,87.2781,8.6392,24.574,1990.2442,9.196,271.9896
19.29095,41.74485,7/8/2022,8,0,33.6,0,21.6,77.76,90,82.1016,6.7164,24.052,72.6153,7.9104,39.1541
18.36581,42.78764,28-06-2025,6,0,32.3,0,36.1,129.96,30,93.1716,12.1552,24.218,4693.6337,12.0473,450.9348
19.88891,41.67757,11/1/2025,1,0,15.5,0.7,22.3,80.28,100,74.1835,6,17.494,41.9431,6.4605,25.3472
20.71486,39.82353,4/9/2021,9,0,38.7,0,20.9,75.24,95,80.2261,6.3543,23.67,51.6073,7.6048,30.839
16.73666,43.05101,6/3/2018,3,0,33.1,0,18.1,65.16,94,80.0393,6.3498,20.662,30.4492,7.1818,20.9571
19.31525,41.61683,8/8/2024,8,0,31.9,0.4,14.7,52.92,95,79.3115,6.3406,23.746,15.2691,7.6047,12.7313
19.29025,41.74185,7/5/2023,5,0,37.5,0,16,57.6,63,87.947,9.76,24.154,58.1816,9.7552,36.3888
18.24866,42.57486,30-06-2018,6,0,25.4,0,21.7,78.12,66,85.4663,8.372,22.976,115.159,8.7621,54.2179
18.39115,42.71813,30-05-2020,5,0,31.9,0,25.7,92.52,35,92.0593,11.6471,23.146,608.486,11.5382,155.0561
20.71796,39.82737,16-05-2025,5,0,39.4,0,29.1,104.76,45,91.5294,11.8643,24.496,1045.9635,11.7733,208.6488
